Date,Price,High,Low,Open,Vol.,Change %
2015-12-07,44.20626449584961,46.579755207036165,44.05792132640045,46.579755207036165,348200,-0.05095538688793666
2015-12-14,42.574485778808594,44.20626049506955,41.981113154713704,43.90957418302211,435640,-0.03691283883971286
2015-12-21,42.27779006958008,43.31619193093819,41.239388208221975,42.277790069580085,333985,-0.006968861838284268
2015-12-28,43.61288070678711,44.502939496721545,41.98110625857399,42.277792521885466,239599,0.03157900720472284
2016-01-04,43.464534759521484,44.79962285793682,41.6844172949677,43.612877881567634,316284,-0.003401425103353395
2016-01-11,42.27779006958008,45.3929956536544,41.09104508517082,43.909564423142825,316232,-0.027303747676292178
2016-01-18,42.42613983154297,43.90957129418433,41.98111039275056,41.98111039275056,334878,0.0035089289605425567
2016-01-25,41.832767486572266,43.0195126634963,41.53608119234125,42.72282636926529,279658,-0.01398600832710084
2016-02-01,43.31619644165039,43.46453958014919,41.68442191816356,42.277794472158774,411108,0.035460932761722797
2016-02-08,41.536075592041016,43.3161931174142,40.64601682935442,43.3161931174142,303985,-0.04109596400060911
2016-02-15,43.909568786621094,44.206255062206374,41.536078581938874,41.83276485752415,351873,0.05714293323933761
2016-02-22,45.09632110595703,45.39300742902254,43.76123265216225,43.90957581369501,278140,0.027027191387439364
2016-02-29,45.393001556396484,45.68968784107881,44.50294270234949,44.651285844690655,218582,0.006578817144360372
2016-03-07,45.54134750366211,45.98637695809529,44.3546022918403,45.54134750366212,223698,0.0032680356482115425
2016-03-14,45.689693450927734,46.87643873536741,44.65129132704301,45.98637977203765,257995,0.003257390380328573
2016-03-21,45.393001556396484,45.68968784107881,44.651285844690655,45.39300155639648,111358,-0.00649362847772017
2016-03-28,47.91484069824219,47.91484069824219,44.651291176999685,45.39300697728207,195350,0.05555568161124036
2016-04-04,46.57975387573242,47.766499197407136,45.68969488447639,47.766499197407136,157547,-0.0278637433215706
2016-04-11,47.321468353271484,47.32146835327149,46.13472306541515,46.13472306541515,124609,0.015923537928470788
2016-04-18,48.9532356262207,49.843294455788346,47.02477482882413,47.32146110534668,383405,0.03448260017562221
2016-04-25,44.799617767333984,49.24991092302942,44.502931556954294,48.95322471264972,262434,-0.08484868887117902
2016-05-02,46.69668197631836,48.24292972387857,46.38743242680631,47.0059315258304,145435,0.04234554452756156
2016-05-09,47.00593566894531,47.77905961086875,46.23281172702187,46.69668609217593,97888,0.006622605280259153
2016-05-16,46.38743209838867,47.16055596669515,45.768933003743484,47.00593119303385,55618,-0.013157988704078916
2016-05-23,47.3151741027832,47.46979885475308,45.7689265830844,46.38742559096392,110197,0.019999856910095204
2016-05-30,47.93368148803711,47.9336814880371,45.76893458212575,47.31518237206243,164092,0.013072072479545671
2016-06-06,47.3151741027832,48.0882978626326,46.23280083899404,47.93367311066272,121789,-0.01290339832145515
2016-06-13,44.22269058227539,47.31518642718975,44.22269058227539,46.542062465961166,268331,-0.06535923367395802
2016-06-20,47.46980285644531,47.46980285644532,44.22268279134645,45.150431381374695,218956,0.07342638431573345
2016-06-27,48.55217361450195,49.47992215490645,44.99580420961805,46.696676533692965,264645,0.022801248223631054
2016-07-04,48.55217361450195,49.32529739817237,45.92355275002255,49.17067264143829,161061,0.0
2016-07-11,51.3354377746582,51.64468739980674,48.39756633574704,48.70681596089558,204470,0.057325222599816206
2016-07-18,51.64467239379883,52.57242099967545,51.64467239379883,51.95392192909104,334201,0.006023804072696093
2016-07-25,54.58254623413086,54.73717101099808,51.64467547365356,51.95392502738801,221709,0.05688629057282579
2016-08-01,52.10854721069336,54.737168286603705,51.335423364837375,54.58254351743251,232792,-0.04532582655314987
2016-08-08,51.02616500854492,52.57241243304628,51.02616500854492,52.57241243304628,236826,-0.02077168257583506
2016-08-15,51.95392608642578,51.95392608642578,49.479929606119796,51.79930130640666,204605,0.01818206556823343
2016-08-22,50.87154006958008,51.64466377884421,50.25304110216877,51.64466377884421,109201,-0.020833575022706552
2016-08-29,49.789180755615234,51.3354286051685,49.6345559706599,51.3354286051685,161429,-0.021276322920132484
2016-09-05,51.18080139160156,51.95392527969222,50.40767750351091,50.40767750351091,237438,0.0279502617811076
2016-09-12,49.016048431396484,51.33541980827645,48.088299880644506,51.18079504981778,221813,-0.04229619117609795
2016-09-19,48.55217361450195,49.789171668374614,48.242924101033786,49.47992215490645,217368,-0.00946373344525675
2016-09-26,50.098419189453125,50.09841918945313,47.160548928343225,48.55217168360581,171359,0.031847092721907
2016-10-03,48.86143112182617,50.407678942137125,48.86143112182617,50.09842937807493,200878,-0.024691159674103402
2016-10-10,50.098419189453125,51.33541719413098,49.016045935360005,49.170670685944735,258183,0.02531624717546177
2016-10-17,46.8513069152832,51.33542539892417,46.542057364687274,49.94380242124249,387402,-0.06481466534683622
2016-10-24,48.84824752807617,49.33189354320564,47.397309482687774,48.84824752807617,361535,0.04262294361187924
2016-10-31,48.04216384887695,48.68702510859342,46.26879538465666,48.5258097936643,253594,-0.016501793206315396
2016-11-07,48.36460494995117,50.621619847615555,47.23609750111898,48.36460494995117,261114,0.006711627354848204
2016-11-14,50.62160873413086,51.26646999189049,48.36459433197216,49.009455589731786,155397,0.046666436881171336
2016-11-21,49.976749420166016,52.233763910109005,49.97674942016602,50.782826023717085,143381,-0.012738815104666124
2016-11-28,49.654327392578125,50.46040413596413,49.00946599786931,50.13797343860973,137926,-0.006451440546427212
2016-12-05,51.58890914916992,52.233770513534544,49.654325056076054,49.654325056076054,187668,0.03896099007235687
2016-12-12,51.42768859863281,53.20105717099946,51.26647327387221,51.911334572914626,121562,-0.0031251009799594387
2016-12-19,50.46038818359375,51.91132586299421,50.137957588171425,51.42767996986072,279365,-0.01880894205820438
2016-12-26,51.2664794921875,51.42769483650255,50.299187426297166,50.46040277061222,79512,0.015974734591039708
2017-01-02,51.2664794921875,52.07255621376277,50.46040277061222,51.2664794921875,142630,0.0
2017-01-09,51.2664794921875,52.07255621376277,50.62161811492727,51.2664794921875,144670,0.0
2017-01-16,50.78282928466797,51.42769060891772,49.815537298293336,51.10525994679284,293419,-0.009434043693076988
2017-01-23,52.07255172729492,52.71741304899517,50.29918309261924,51.10525974474455,179186,0.025396821342845932
2017-01-30,52.07255172729492,52.556197718570104,51.58890573601973,52.23376705771998,125203,0.0
2017-02-06,58.68238830566406,60.77818788800921,51.58891279618818,51.91134350116436,1401317,0.1269351387461286
2017-02-13,58.359962463378906,59.48847002482546,57.71510099969517,59.16603929298359,773624,-0.005494422629933049
2017-02-20,58.359962463378906,58.84360856114172,57.8763163656161,57.8763163656161,505521,0.0
2017-02-27,57.39265441894531,59.488453597165226,57.39265441894531,58.3599463473545,1149373,-0.016574857206952176
2017-03-06,61.90668869018555,61.90668869018555,57.553874641656876,57.87630531191826,859702,0.07865177725165728
2017-03-13,65.7758560180664,65.7758560180664,61.906688017003674,61.906688017003674,703266,0.062499988446228505
2017-03-20,67.71044158935547,68.03287226359049,63.68005816141764,66.09828821818033,567425,0.029411788586342302
2017-03-27,65.1310043334961,67.71045004967417,64.32492754719046,67.71045004967417,419587,-0.03809511790667275
2017-04-03,66.42072296142578,66.74315365541328,64.48613879750076,65.45343087946327,347692,0.019801915249545665
2017-04-10,64.80855560302734,65.7758474776994,58.037512480322995,65.13098622791803,278594,-0.024272053758504164
2017-04-17,69.32258605957031,69.64501669240552,64.16369593420694,64.80855719987736,293891,0.0696517676492101
2017-04-24,67.06558227539062,70.93475048358624,66.09829022334172,70.61231979956995,536225,-0.032557985967808456
2017-05-01,68.48150634765625,70.80854782548923,68.48150634765625,69.14637534132281,158596,0.021112529321693385
2017-05-08,68.14906311035156,70.80853874392625,67.48419420195789,69.81123538133575,249882,-0.004854496564619781
2017-05-15,67.48419189453125,69.47879855151247,63.3287613591537,68.14906078019165,296096,-0.009756131419498826
2017-05-22,67.15176391601562,68.81393629017442,66.48689496635211,67.48419839084738,190080,-0.004926012584327344
2017-05-29,68.48150634765625,69.81124433498938,65.15716137932341,65.98824762140663,358162,0.019802047691609204
2017-06-05,68.14906311035156,69.81123538133575,67.48419420195789,68.48149756454839,188925,-0.004854496564619781
2017-06-12,73.46800994873047,74.46531325120193,67.48419013390175,68.4814934363732,684916,0.07804871550128434
2017-06-19,75.13018798828125,77.45722920915722,72.13827784715501,73.46801568765557,316583,0.022624514271051055
2017-06-26,74.46533203125,77.45724269321987,71.80585588727679,75.46263558523997,256932,-0.008849384978711239
2017-07-03,74.79776763916016,75.79507120768228,73.80046407063801,74.79776763916016,193134,0.004464300350808248
2017-07-10,70.47611236572266,75.79506424238096,67.48420193510235,74.79776076550753,314556,-0.057777864364696785
2017-07-17,66.81934356689453,71.47342719841951,66.81934356689453,70.47612356309274,323618,-0.05188664181491742
2017-07-24,65.32339477539062,67.81665411796278,63.99365645935213,67.15178495994354,329619,-0.022387960007512975
2017-07-31,65.65580749511719,65.9882419634469,63.4949834509741,65.32337302678748,290191,0.0050887238924053335
2017-08-07,62.663902282714844,67.81663695317681,61.99903329297782,65.65581273653147,325215,-0.0455695440593713
2017-08-14,66.48689270019531,66.48689270019531,62.66389636993408,62.66389636993408,284525,0.06100785744610415
2017-08-21,68.14906311035156,68.81393201874523,65.48958747677686,66.48689083936738,198600,0.024999971312411384
2017-08-28,71.14097595214844,71.14097595214844,65.8220244790906,68.48150021561952,364224,0.04390247943617598
2017-09-04,71.4734115600586,72.47071497717569,70.14367367056913,70.80854261531387,253913,0.004672913232646181
2017-09-11,70.14366912841797,71.80584138264588,69.81123467757239,71.4734069318003,170499,-0.018604714713012616
2017-09-18,69.47881317138672,70.80855122251373,68.1490751202597,70.80855122251373,192678,-0.00947848844083199
2017-09-25,69.81124114990234,70.80854459490095,69.14637218656995,69.47880666823615,142407,0.004784594948327836
2017-10-02,72.13829040527344,73.1355939592634,69.47881426130023,69.81124877929688,245042,0.03333344626224788
2017-10-09,73.13557434082031,74.79774648492986,72.47070548317649,73.46800876964222,219263,0.01382461283659664
2017-10-16,71.14097595214844,76.45992742520626,70.80854148508232,75.1301895569418,439528,-0.02727261536741088
2017-10-23,71.25152587890625,73.30685835618239,70.56641505314754,72.96430294330304,500247,0.00155395572352246
2017-10-30,74.33453369140625,76.04731096540179,69.53875732421875,71.25153459821429,410397,0.04326935843787605
2017-11-06,73.99198150634766,76.04731432596843,73.99198150634766,74.33453697628445,259798,-0.004608250944045378
2017-11-13,74.67708587646484,75.36219675606544,73.99197499686426,73.99197499686426,206579,0.00925917046914626
2017-11-20,77.76007080078125,80.15795844662031,73.99196164303414,74.67707239898816,337322,0.041284215742114716
2017-11-27,76.38986206054688,78.78775010729049,75.3621957547996,78.10263923679231,177374,-0.017620981129824353
2017-12-04,78.1026382446289,78.78774910642389,76.04730565924393,77.07497195193642,192856,0.022421511675521533
2017-12-11,77.76007080078125,81.52817995852836,77.41751542280424,78.10262617875826,369598,-0.004386118722067844
2017-12-18,78.1026382446289,80.50052626091137,77.7600828137314,77.7600828137314,268002,0.004405441511560637
2017-12-25,79.13029479980469,80.50051635477966,78.10262863357346,78.10262863357346,198219,0.013157770060942209
2018-01-01,79.47284698486328,80.98008854378412,77.96560542594244,79.13029160992852,283571,0.004328963842801681
2018-01-08,81.25414276123047,82.48734433644039,79.60987573661085,79.60987573661085,405789,0.022413891586222645
2018-01-15,80.15796661376953,81.39116819092753,79.47285578801082,81.39116819092753,333611,-0.013490710875900924
2018-01-22,80.70606994628906,81.5282009745677,79.0618026627502,79.60988827260876,342878,0.006837789875091094
2018-01-29,82.21331024169922,83.30948666619224,80.2949975786003,80.98010849728114,445246,0.018675674536168696
2018-02-05,78.1026382446289,81.66521263517042,75.08814940733473,80.70606161024229,833960,-0.05000007887999314
2018-02-12,83.99459075927734,85.50183779408167,78.23965846462129,78.65072916401041,713003,0.07543858500904888
2018-02-19,86.32396697998047,87.14609790804504,83.03543281376025,83.9945890478229,580883,0.027732455145581314
2018-02-26,84.81672668457031,87.00907934902902,83.85757043375173,86.18694840660227,639917,-0.0174602760755852
2018-03-05,90.43463134765625,91.2567622691153,84.2686337557706,84.54267913858392,633642,0.06623581082041374
2018-03-12,88.51632690429688,91.11975043612148,88.37930681398248,90.16059934995795,388863,-0.021212055766389626
2018-03-19,87.96822357177734,90.70866680396931,85.09076026876805,89.74951585428664,462258,-0.0061921156433901725
2018-03-26,87.14610290527344,89.201435570275,86.59801733079512,88.37930459506688,173654,-0.009345654977710227
2018-04-02,88.10526275634766,89.06441380030445,86.73503577859258,87.14610125842852,478985,0.011006342442149375
2018-04-09,85.63886260986328,88.92739702487458,83.44650981784332,88.10526603461243,613854,-0.027993789125913215
2018-04-16,87.00907135009766,88.24227287734797,84.54267352257762,85.63884975403313,455267,0.01599984748135319
2018-04-23,80.29499053955078,89.06441162068785,79.47285959999839,87.2831244336703,795187,-0.07716529674855954
2018-04-30,84.15937805175781,85.70746349763672,81.2039504974688,82.32982740535964,681297,0.048127379880611
2018-05-07,86.69259643554688,88.66288491442012,84.01863963548085,84.01863963548085,549857,0.03010025076743239
2018-05-14,85.42597961425781,87.39626255383283,84.86303856374853,86.69258892499809,479155,-0.014610438184658014
2018-05-21,85.14451599121094,85.70745708735483,83.03349493357761,85.42598653928289,483875,-0.003294824646060013
2018-05-28,86.55187225341797,87.81848716554403,84.15938040196028,85.14452473710223,541229,0.016529030035854708
2018-06-04,88.09993743896484,88.66287849750161,84.44083666428725,86.55185758089443,484750,0.017885981495746828
2018-06-11,86.69259643554688,90.07023229401409,86.41113125451145,88.09994381514085,360774,-0.015974370065733212
2018-06-18,87.95921325683594,87.95921325683594,86.27039528858383,86.55186584472656,685605,0.014610438184658125
2018-06-25,82.61128997802734,87.67773825742564,81.20394263723847,86.83333200039395,767008,-0.060800035389049656
2018-07-02,81.62614440917969,84.15936850677826,81.62614440917969,83.45569484807844,405621,-0.011925071852886937
2018-07-09,75.29308319091797,82.04834939413932,74.16720638514842,81.62614626305125,908055,-0.07758618594693178
2018-07-16,78.38925170898438,78.67072226433994,72.33765892755922,75.99676004136857,869305,0.04112155309426724
2018-07-23,81.20393371582031,81.20393371582031,77.82629832156715,78.24850140369793,438463,0.035906478828057864
2018-07-30,82.61128997802734,82.89276051990593,80.35953101160273,81.20394263723847,432763,0.017331134069590526
2018-08-06,83.03351593017578,84.15939303855876,81.34469758329857,82.32984206636074,301521,0.005110995752042324
2018-08-13,84.86304473876953,86.83333319031544,81.90761743005481,82.75202369865784,386611,0.02203361845031626
2018-08-20,86.97407531738281,86.97407531738281,82.8927707467301,84.30011826114924,210140,0.024875734604050237
2018-08-27,87.39627075195312,88.9443561017684,85.98892336226884,87.2555381604264,234895,0.004854267585250538
2018-09-03,89.0851058959961,89.22584388330417,84.72233029294654,86.9740844038227,359336,0.019323881093693318
2018-09-10,89.0851058959961,91.05538940086143,88.0999614592608,89.0851058959961,423138,0.0
2018-09-17,93.02566528320312,94.2922801490652,88.38141972271633,89.08509345517204,438420,0.04423364991907297
2018-09-24,92.88494110107422,94.29228869351475,91.89980208124987,94.29228869351475,299693,-0.0015127457750556683
2018-10-01,86.27039337158203,92.18125344481791,86.27039337158203,92.18125344481791,419416,-0.07121227242093486
2018-10-08,82.04835510253906,87.1148091338996,81.20394878161453,85.84819428390836,496777,-0.04893959681924587
2018-10-15,76.55970001220703,83.03349584597711,75.99675890987736,81.76688105003747,741485,-0.06689537021763137
2018-10-22,78.70696258544922,83.2003653034792,76.82263491049407,80.73624194576489,776238,0.028046904218535618
2018-10-29,82.47561645507812,82.76550874247826,78.12716579198452,78.8519075691668,412644,0.04788209004428823
2018-11-05,83.20036315917969,85.37458861947873,81.17108385116407,82.91046532527156,271494,0.008787405723682085
2018-11-12,84.07003021240234,84.2149763286188,80.4463220135919,83.49023468885672,379946,0.010452683380225203
2018-11-19,80.88117980957031,85.80942601973838,80.15643804509506,84.0700446791296,392085,-0.03793088208455997
2018-11-26,86.96900939941406,87.11395553667681,80.44633369445802,80.88117763558694,369984,0.0752688030043227
2018-12-03,83.20036315917969,88.5634482044443,81.75087951898033,87.25891624586964,287193,-0.043333208763209896
2018-12-10,82.91045379638672,83.2003515899839,80.73622863841857,82.62055600278953,255449,-0.003484472324217003
2018-12-17,79.43169403076172,82.91045661344529,77.25746879891966,82.6205588099982,472581,-0.0419580355230984
2018-12-24,80.44634246826172,81.75087996326735,77.54737517210813,79.4317028087397,103847,0.012773848649218822
2018-12-31,80.01148223876953,81.75086336926587,78.85189666155205,80.44632613905857,191390,-0.005405593544091203
2019-01-07,82.62057495117188,83.20037067133786,79.4317095489425,80.01150526910848,257881,0.032608978604049765
2019-01-14,83.78013610839844,84.50487777980213,80.4463255258095,82.62055054002056,405261,0.014034774726656929
2019-01-21,84.07003021240234,84.35992797417516,81.75085917689962,83.92508409618588,202293,0.003460177047561963
2019-01-28,85.5195541381836,86.82409192152001,81.17110223285222,83.92512398463244,322640,0.017241862791282925
2019-02-04,84.79478454589844,90.44777239402795,83.78014499247253,86.24426804240952,581573,-0.008474899098679378
2019-02-11,87.98365020751953,87.98365020751953,84.35994143068051,85.51952713340084,372307,0.03760686083110443
2019-02-18,87.40385437011719,88.70839173821149,87.11395656283615,87.40385437011719,224198,-0.006589813403226952
2019-02-25,89.14324188232422,89.14324188232422,86.53417249407565,87.40386044704479,246035,0.01990058132724304
2019-03-04,87.6937484741211,89.14323191997434,86.53416282330662,89.14323191997434,265054,-0.016260272541092524
2019-03-11,90.01293182373047,90.73767364366176,87.25891622559631,87.69376021168684,299782,0.026446393157589565
2019-03-18,90.59272766113281,90.88262549551669,88.8533461841708,90.59272766113281,256707,0.006441250447632774
2019-03-25,90.73766326904297,93.05683461592086,89.28817979490911,89.28817979490911,264635,0.0015998591901580372
2019-04-01,92.04220581054688,92.6220014447119,90.30282443739276,91.31746403251108,263423,0.014377078872263471
2019-04-08,94.94115447998047,95.66589611723224,91.46239240943608,92.04218793097344,306858,0.03149586261981363
2019-04-15,95.52098083496094,95.52098083496094,94.65129280126612,95.08613128877185,84854,0.006107218288595062
2019-04-22,91.31745910644531,95.52096340403382,91.02756130500116,95.52096340403382,261045,-0.04400626639060978
2019-04-29,86.24427032470703,92.76694623161765,82.62056148753447,91.31746269674862,363664,-0.05555551842309425
2019-05-06,86.19901275634766,88.13439527561303,84.71025609858107,88.13439527561303,240224,-0.0005247602906138793
2019-05-13,89.02765655517578,90.06978746330985,85.45464360048882,86.05014292002504,221319,0.032815269089260246
2019-05-20,89.62316131591797,91.55854403779618,86.64564768867257,89.02765631880628,259161,0.006688986139639752
2019-05-27,89.77202606201172,91.55853520178009,86.64563932678406,91.55853520178009,296204,0.0016610075331866536
2019-06-03,89.92090606689453,90.21865286063999,87.68777103886725,89.77202699086575,208479,0.0016584231348413248
2019-06-10,89.92090606689453,93.64279778027336,89.47427451796423,89.92090606689453,178707,0.0
2019-06-17,85.9012680053711,90.36753837987057,85.00801052297732,89.9209124782519,484421,-0.044701930144399604
2019-06-24,86.34788513183594,88.87877255601403,85.9012592756059,85.9012592756059,241222,0.005199191313880469
2019-07-01,88.13438415527344,89.77201400052665,86.34787525553477,87.53887929564213,168561,0.020689551582066867
2019-07-08,86.64563751220703,89.32539832616067,84.85912840985263,89.02764586257562,128863,-0.016891780175641302
2019-07-15,85.3057632446289,87.39002502995021,84.4125114390092,86.64564663221496,117234,-0.015463839912186694
2019-07-22,85.9012680053711,87.39002479687092,83.2215069165027,85.30576301710857,82291,0.006980826829184661
2019-07-29,82.6259994506836,87.53889557948757,82.1793735624571,86.3478913178315,144976,-0.038128291127003
2019-08-05,83.37036895751953,85.30575138677368,81.13723407472884,83.81699479824654,248700,0.009008901699037564
2019-08-12,83.81700134277344,85.6035105243298,81.73274536358778,83.37037546717337,235958,0.005357207732659575
2019-08-19,85.60352325439453,85.9012757754586,83.2215144441959,84.11476632823114,123203,0.021314552930795427
2019-08-26,86.64563751220703,88.13439415097638,83.96587669825338,85.60350672923731,141858,0.012173730918943138
2019-09-02,85.60352325439453,87.98553206459314,84.26363974918469,86.64565423854029,83012,-0.012027313639023984
2019-09-09,88.58102416992188,88.58102416992188,85.15688487565528,85.60351075244552,148084,0.03478245757103804
2019-09-16,89.3254165649414,90.06979503631592,87.6877861995803,88.5810380935669,84136,0.008403519850838315
2019-09-23,86.05013275146484,89.92090342724505,85.75238028730392,89.3253984989232,108082,-0.03666687421597825
2019-09-30,89.77202606201172,91.111909336627,85.60350852198951,85.60350852198951,209389,0.04325261555722015
2019-10-07,91.70740509033203,92.3029100072021,87.83664016814394,90.06977508767302,176779,0.021558820862340955
2019-10-14,92.30292510986328,93.04730353816863,90.06978982494724,91.70742009555632,160908,0.006493696108233138
2019-10-21,88.87877655029297,92.74954171711629,86.6456414896281,91.11191161095783,255026,-0.03709685858270184
2019-10-28,90.6004867553711,92.59002327802989,88.30486634351911,92.43698425246559,179998,0.01937144357633991
2019-11-04,94.57958221435547,94.88566617608507,89.83530124077761,91.05963124963003,184601,0.04391913996806962
2019-11-11,94.73261260986328,96.1099814696603,93.66132182686664,94.579567733398,170368,0.0016180066767579326
2019-11-18,99.17081451416016,99.78297066611843,93.35523766151535,94.88565139367132,214100,0.0468497783606443
2019-11-25,97.18128204345703,99.3238638253107,95.65086815300889,99.17082477149215,254904,-0.02006167318933383
2019-12-02,101.77252960205078,102.53773659153988,96.7221646390359,97.487371628525,256447,0.04724415506826363
2019-12-09,103.30291748046875,104.83333107277198,99.47688349971065,101.7725038881655,309047,0.015037337525185546
2019-12-16,98.09952545166016,104.68030967723912,97.33431852664543,103.30293487698641,266270,-0.05037023305554156
2019-12-23,97.94647979736328,100.70122921211623,97.18127292394638,98.25255787627793,83819,-0.0015601059596591638
2019-12-30,99.17081451416016,99.32385355214973,97.48735590594953,98.09951789597288,158333,0.0125000379730833
2020-01-06,97.02823638916016,99.17081802526178,94.73261570965067,97.94648232573783,265247,-0.021604926161961413
2020-01-13,96.72216033935547,97.94649030049855,95.4978303782124,96.26303733368503,196462,-0.003154504927587065
2020-01-20,97.02823638916016,97.94648232573783,94.4265317847697,97.94648232573783,255063,0.0031644873184262234
2020-01-27,91.51875305175781,97.79345375023985,90.29442305924563,97.79345375023985,312893,-0.056782268156508
2020-02-03,86.16228485107422,93.3552299669612,82.79537375022663,92.13090024976151,761327,-0.058528640547083066
2020-02-10,85.70316314697266,88.30486748154726,83.25450367799931,86.46836996078491,458160,-0.005328569279414164
2020-02-17,87.84575653076172,88.91704154562075,85.39709089006779,85.70317482491271,274445,0.025000166914664668
2020-02-24,80.65280151367188,87.8457469246715,76.8267673416577,87.8457469246715,565026,-0.0818816446138867
2020-03-02,77.59198760986328,84.32580541562142,76.97981970112806,82.03018451496312,393273,-0.03795049702383546
2020-03-09,66.572998046875,80.19368274111686,60.910466010907086,74.99027366199712,1162882,-0.14201195126476662
2020-03-16,55.70705795288086,64.43041089288612,50.65668835005933,63.97128797573816,1565452,-0.16321842808315878
2020-03-23,59.91569900512695,61.36958735731624,54.482725671120726,55.63053595215331,1283365,0.07554951216066597
2020-03-30,64.73650360107422,69.40426459763361,58.46180925659311,60.68091046946853,1049256,0.08045979060571007
2020-04-06,71.69988250732422,71.69988250732422,64.27737808723826,64.27737808723826,426254,0.10756495205796757
2020-04-13,72.69465637207031,77.89806568971835,70.39903564453125,71.69988505491055,593436,0.013874135214161365
2020-04-20,68.02689361572266,73.68942576326833,67.56777064982765,73.53638088259316,891434,-0.06421053471188887
2020-04-27,68.6390609741211,69.8633967626891,67.79733449802985,68.0268989179028,499787,0.008998902137976605
2020-05-04,69.09817504882812,69.63381746332018,65.65474451492769,67.64428098912394,586751,0.006688816370610473
2020-05-11,68.40950775146484,70.70512877776859,66.95561326719258,68.86863078911236,581075,-0.009966504858871295
2020-05-18,70.16946411132812,71.01119629640603,68.63905044837165,68.71557580197133,312291,0.025726780058954457
2020-05-25,78.66326904296875,78.66326904296875,70.39903246218218,70.39903246218218,738861,0.12104702578552806
2020-06-01,79.73455047607422,81.11192512473913,77.285890920742,78.66326556940693,485407,0.013618572507078097
2020-06-08,77.59198760986328,81.41802244429377,73.53638835014064,80.34673152304006,518245,-0.026871197660465307
2020-06-15,77.285888671875,78.96934133742263,75.29635211130106,76.52068185334159,355216,-0.003944981272130388
2020-06-22,73.30682373046875,78.05110419952761,72.84769491766629,77.28589729561067,400778,-0.051485012461974344
2020-06-29,73.23029327392578,74.45462890545029,70.01642683633632,71.39380150276892,486840,-0.001043974525814284
2020-07-06,78.35719299316406,83.71364165311384,72.5416213299746,73.23030291580127,489769,0.07001064026960213
2020-07-13,82.6423568725586,85.39710093403065,77.43894688239325,79.1224058030073,414408,0.05468756237565042
2020-07-20,81.87714385986328,85.70317861966997,80.3467299559406,83.71364171218363,332672,-0.00925933191711048
2020-07-27,80.19367218017578,81.87712474627533,78.66325863351643,81.72408572683514,157340,-0.02056094778499895
2020-08-03,80.49976348876953,81.72409919837003,79.4284784999671,80.34672444410214,114268,0.003816901013162788
2020-08-10,81.41801452636719,83.10146735457396,79.73455586009513,80.34672370929684,149994,0.011406878701274215
2020-08-17,79.42847442626953,83.5605868010163,78.9693456396843,81.11192718353192,169607,-0.024436116646560424
2020-08-24,78.8163070678711,80.49975983506562,77.28589333839787,80.49975983506562,189844,-0.0077071524137944936
2020-08-31,80.95887756347656,81.87712334048055,76.82675989083012,78.96933531652749,282097,0.027184355310639452
2020-09-07,80.65280151367188,82.33625421413218,79.58151077789495,80.95888541504598,120643,-0.0037806360341977596
2020-09-14,82.48929595947266,83.8666647063894,80.65279845885237,80.65279845885237,203662,0.022770373890725448
2020-09-21,85.09099578857422,87.2335772132483,81.72409046132167,82.64233630728786,164847,0.03153984767162754
2020-09-28,83.25450134277344,88.61094888921492,83.25450134277344,84.01970813512223,133111,-0.021582711881336092
2020-10-05,82.48929595947266,85.85620123286776,81.87712817991103,84.17274859617021,85892,-0.009191159288196249
2020-10-12,87.23357391357422,88.76398749100535,82.48929415876353,82.48929415876353,152974,0.05751386163402872
2020-10-19,88.76399230957031,93.20219426027475,85.0909971891208,87.23357864906049,327413,0.017543914886627654
2020-10-26,84.47884368896484,89.83529203723896,76.67372973578333,89.83529203723896,360699,-0.04827575359229819
2020-11-02,93.04914855957031,93.04914855957031,82.94842082572698,84.47883447255566,280284,0.10144912615233848
2020-11-09,86.16228485107422,93.66131385577727,84.93795513387454,93.20219094158546,369754,-0.074013183517602
2020-11-16,88.64380645751953,92.3173323534193,86.56746626355704,89.92155380051338,263417,0.028800554798824818
2020-11-23,93.27565002441406,94.23395903511677,88.64380892286408,88.64380892286408,245100,0.052252309010604625
2020-11-30,92.1576156616211,93.91451748598871,88.80352205221942,93.27564686475499,444260,-0.011986347589111768
2020-12-07,94.71311950683594,96.94918212970781,91.03959327735828,92.15762458879422,388091,0.027729708791490282
2020-12-14,93.75480651855469,95.83114681430867,92.15762073831621,95.83114681430867,331296,-0.010118059602208351
2020-12-21,92.95620727539062,94.3936707236944,92.1576144398508,93.11592340538665,164792,-0.00851795521551224
2020-12-28,96.7894515991211,98.38663730928995,93.27564791097356,93.59508017878336,140014,0.04123709901775752
2021-01-04,93.27565002441406,97.90748503318395,92.4770571512351,95.19226804581947,159403,-0.03630355908266081
2021-01-11,97.42832946777344,98.38663846804937,91.67846328055785,92.79648841661974,702371,0.04452050928910656
2021-01-18,103.17819213867188,106.21284735742451,97.42832614741195,97.42832614741195,529073,0.059016332336893074
2021-01-25,104.61566925048828,105.89342275677951,101.10185929374788,104.13650863923893,402231,0.013931985839453764
2021-02-01,105.73370361328125,107.81005019496446,103.81708537292873,105.25455514597391,160194,0.010687064096640997
2021-02-08,112.44189453125,115.79598262535481,106.85174364588805,107.17117596511255,2870651,0.06344420642356208
2021-02-15,112.76132202148438,115.7959776664059,110.68498766432012,113.40019881813544,438407,0.0028408227339642433
2021-02-22,117.39315795898438,118.67091149126566,108.60863593484268,113.5599095477013,520520,0.04107646003491783
2021-03-01,119.30976867675781,123.62217744174377,118.19174354447999,118.19174354447999,883462,0.016326426097533542
2021-03-08,111.16413879394531,121.38613122931581,109.72666901332792,119.78894529208797,668609,-0.06827295009582324
2021-03-15,111.32383728027344,114.51820864769087,110.36552830716016,111.80299785960995,432354,0.00143660076046781
2021-03-22,115.63624572753906,115.63624572753906,109.88637971374578,111.8029976564903,408893,0.03873751168322137
2021-03-29,116.11538696289062,117.71257254524433,114.51820138053692,115.79595472064346,159610,0.004143521197328637
2021-04-05,120.10838317871094,122.82360670933006,116.11541815035537,116.11541815035537,420126,0.03438817473085143
2021-04-12,125.85823059082031,126.81653951703284,118.99032761277223,120.26808097142833,326494,0.047872157296082296
2021-04-19,126.97624969482422,128.73315134154026,121.54581645315398,126.49708916137504,345391,0.008883162418187096
2021-04-26,127.4554443359375,137.8371530640219,126.49712301258796,128.41375347372525,661723,0.0037738919070691157
2021-05-03,126.05382537841797,130.4340817351468,120.21349594672296,130.10961142505016,1357135,-0.010996932809125393
2021-05-10,126.7027587890625,129.7851587856778,124.4315160348577,127.02722911239304,416315,0.005148065984482475
2021-05-17,130.9207763671875,131.40747567244085,125.40491691979591,126.70276110500909,515672,0.033290653008962945
2021-05-24,133.1920166015625,134.652102111967,129.29845936624295,130.92077384951966,400881,0.017348203221809078
2021-05-31,140.00575256347656,143.57483967221364,132.54309562784425,133.84095223680933,313862,0.051157240019099826
2021-06-07,132.86758422851562,140.97915820611388,130.92079904752427,140.16800080835407,400191,-0.05098482172526875
2021-06-14,130.758544921875,135.30103042753186,130.43408697601834,133.3542456205601,379332,-0.015873241911385505
2021-06-21,135.4632568359375,136.2744140625,127.1894556004554,130.5963134765625,406226,0.03598014888337464
2021-06-28,137.57228088378906,140.16798172782174,133.19202410578586,136.11219529112134,388900,0.01556897491698317
2021-07-05,137.247802734375,141.952517208749,136.11218754761592,138.70788824397758,371746,-0.002358601219152212
2021-07-12,137.73448181152344,145.68382408375984,137.08555363837192,137.57225286255442,477803,0.0035459881138522054
2021-07-19,138.22119140625,141.1413624773827,128.97400364312557,137.08557619929698,714051,0.0035336800801455404
2021-07-26,136.59889221191406,140.00576296934207,133.19203383176492,138.22120690505926,335765,-0.011736978807886156
2021-08-02,135.1387939453125,140.33019505421083,133.0297802826045,136.5988669978125,381898,-0.010688946615587613
2021-08-09,133.84095764160156,136.5988875754262,132.38087199187385,135.13881430297695,187972,-0.009603728624632657
2021-08-16,135.301025390625,136.2744115692356,131.2452393320168,133.51648200029274,344128,0.01090897565850657
2021-08-23,139.35682678222656,139.5190557669651,135.7877272315885,135.7877272315885,306488,0.029976131961248154
2021-08-30,137.896728515625,147.630615234375,137.5722705759108,139.51904296875,577649,-0.010477407532271554
2021-09-06,128.6495361328125,140.33019479488667,128.3250658283081,140.33019479488667,296282,-0.06705882352941173
2021-09-13,126.54053497314453,129.2984647588276,122.16029063652371,129.2984647588276,597917,-0.016393383319242782
2021-09-20,124.59376525878906,128.00062341675198,121.51136506738335,127.35169510635951,551880,-0.015384554164945108
2021-09-27,120.70018768310547,126.86497466250697,117.2933300922157,124.75597347637328,563808,-0.0312501798753444
2021-10-04,121.998046875,125.72937521952265,119.56457509655763,121.6735889221187,398511,0.010752752061181647
2021-10-11,121.024658203125,126.21607198567712,117.61780025733356,120.86242922994965,832240,-0.007978723404255317
2021-10-18,122.64697265625,128.16284438366046,120.37572990057778,123.45812989918457,686373,0.013404825737265424
2021-10-25,128.16285705566406,128.16285705566406,120.86244114743003,122.48475579370427,477066,0.04497366938582137
2021-11-01,126.54053497314453,132.70533521761908,123.45813485090724,128.97400679955115,591265,-0.01265828586994533
2021-11-08,128.32505798339844,131.08299970533977,125.24265835406436,126.37828578449049,475578,0.014102382375992262
2021-11-15,131.20704650878906,133.34988022918176,128.73455186637813,131.20704650878906,319949,0.02245850164169405
2021-11-22,131.8664093017578,141.42672900643956,130.38290968196088,131.20707474009686,502673,0.005025361141137941
2021-11-29,133.5146942138672,135.82235811049273,131.8663646556713,132.0311950963396,389313,0.012499657197289071
2021-12-06,133.0202178955078,135.65755579603209,129.06423619623968,131.04222704587374,374872,-0.0037035348151815972
2021-12-13,124.7785873413086,133.51474216777615,124.44892634156912,133.51474216777615,339751,-0.061957728566294445
2021-12-20,130.71253967285156,131.20703099741985,122.80055272219288,126.09721185567456,164665,0.047555854397611785
2021-12-27,135.16305541992188,135.16305541992188,128.73456612260296,128.73456612260296,149365,0.0340481162573163
2022-01-03,130.2180633544922,135.32788357856722,127.41590752780047,135.32788357856722,214883,-0.036585382374397235
2022-01-10,132.36090087890625,133.67955730205423,123.9544080184496,131.04223187999864,365199,0.016455762504934635
2022-01-17,127.4158935546875,133.18504762758977,126.92138960384987,132.3608827600323,300196,-0.03736003072948868
2022-01-24,121.48189544677734,127.58072296190903,119.833565725243,126.92138855814375,460990,-0.0465718831643499
2022-01-31,122.6357421875,126.59173630498555,120.65773884087793,125.27306740723749,426834,0.00949809629228393
2022-02-07,110.43809509277344,123.78956377540484,108.78976531526935,123.45990285020731,2257735,-0.0994624150932879
2022-02-14,109.11943817138672,110.10844620663204,105.98762131230838,109.61394218900938,911451,-0.011940236023439077
2022-02-21,108.78976440429688,112.58092789111349,106.31726975874467,107.1414346405954,1048168,-0.003021219432710498
2022-02-28,107.80077362060547,115.38308833917068,106.97660870389711,106.97660870389711,529697,-0.00909084406154248
2022-03-07,111.75677490234375,113.24026178694028,103.02062119472711,106.81178508499684,544397,0.03669733665976316
2022-03-14,115.54792785644531,117.19625781895027,111.09744198798579,111.92160696923825,492829,0.033923249462185945
2022-03-21,111.4271011352539,116.7017644748116,110.76776664583927,115.38309549598232,240909,-0.03566335457188852
2022-03-28,107.80077362060547,111.59192469200877,107.30626964027701,111.26226375562887,492007,-0.03254439429638112
2022-04-04,103.51510620117188,109.28426656716573,100.38328347435115,108.4601016988636,565638,-0.03975544215031879
2022-04-11,102.36128997802734,103.84478948583408,101.53712498210803,103.51512222989038,237807,-0.011146355981147327
2022-04-18,101.04261779785156,103.35028208588419,100.7129505727213,102.36128041049335,261470,-0.012882527960118906
2022-04-25,92.96581268310547,101.37229300228977,92.14164769934702,101.20746252069,459205,-0.07993463838105186
2022-05-02,91.76556396484375,95.48350712452682,89.39960482449095,95.48350712452682,578742,-0.012910646221671152
2022-05-09,92.94853210449219,92.94853210449219,87.70961741911545,92.94853210449219,548674,0.012891198926229475
2022-05-16,92.77953338623047,94.63850137016418,89.23058571680754,94.63850137016418,596132,-0.001818196742168321
2022-05-23,95.31449890136719,95.48349365657796,92.44154293562724,93.96251507273426,232595,0.02732246458476939
2022-05-30,91.76556396484375,97.68047148583214,90.92057717613112,97.00448592290459,490283,-0.03723394632957078
2022-06-06,87.03363037109375,92.4415465572858,86.86463560926212,91.76555461648545,608086,-0.051565460825401255
2022-06-13,82.0482177734375,87.37163724292091,80.94973879100002,86.86464644743147,714780,-0.057281450588691496
2022-06-20,84.836669921875,85.85065143042148,80.69623360962531,81.96371371867701,642513,0.03398552977881053
2022-06-27,87.87860870361328,88.55460058002791,85.1746540914274,85.8506395211057,433424,0.03585641426684427
2022-07-04,88.38560485839844,89.90658345110786,83.65368077081102,87.03362746862156,472776,0.0057692783518579205
2022-07-11,91.59657287597656,92.9485505030368,86.18865592099776,87.87862956650753,248641,0.0363290834827954
2022-07-18,97.84945678710938,98.5254422400237,90.4135716778962,92.61053568165666,247567,0.06826547887986312
2022-07-25,99.53943634033203,100.21542183569657,95.31450281904013,98.86344439823054,264733,0.017271220594505143
2022-08-01,98.01844787597656,102.07438622884942,97.6804519387811,99.70842111521753,315280,-0.015280259968070364
2022-08-08,100.04642486572266,100.2154196241502,94.97650475205499,98.01845553090823,233238,0.02068974803918655
2022-08-15,97.51145935058594,100.38441521019503,94.46950874200897,100.38441521019503,223932,-0.02533789206899717
2022-08-22,94.80750274658203,97.17346802501626,93.79352131110265,96.32848134653786,213369,-0.02772962913294419
2022-08-29,92.94853210449219,94.63850541548295,89.7375802349151,92.94853210449219,321765,-0.019607843137254943
2022-09-05,89.73758697509766,95.31450447763825,85.3436586151887,95.31450447763825,254800,-0.03454540977349496
2022-09-12,84.66766357421875,92.10354900865836,84.49866881528291,88.21661153250272,555642,-0.05649721116621753
2022-09-19,82.21721649169922,86.8646437940787,82.21721649169922,84.4986782250814,314859,-0.02894194759929214
2022-09-26,82.13270568847656,83.73818172790241,77.7387773722198,82.2172095169229,299600,-0.0010278966721184446
2022-10-03,86.18865203857422,89.7375939555852,81.20322871954448,81.20322871954448,295800,0.04938284105093982
2022-10-10,86.52664947509766,88.38561785351833,81.54122607348523,86.52664947509766,346874,0.0039216002168378505
2022-10-17,90.92057037353516,91.93455831216718,84.16067656960337,86.18864600013033,320043,0.05078112841642013
2022-10-24,97.34246063232422,98.35644849214762,88.55460452760762,90.92056330705572,355581,0.07063187386974779
2022-10-31,99.0324478149414,99.37044381552998,96.32849270370777,97.17347948181047,628030,0.01736125398556032
2022-11-07,102.58139038085938,103.08838112985549,96.66648326685127,99.70843420756515,422279,0.03583615920056582
2022-11-14,103.08837127685547,104.44034862720463,99.03243277907146,99.03243277907146,405683,0.004942230692270844
2022-11-21,105.14397430419922,105.48984396444928,103.06876293961393,105.48984396444928,177122,0.01994020277828623
2022-11-28,102.37704467773438,105.48985886586861,101.16650399431661,104.97105760066557,252144,-0.02631562716527769
2022-12-05,100.47476196289062,103.0687748183551,96.8431466040067,102.54997356664536,219019,-0.01858114502945274
2022-12-12,96.32433319091797,101.68528977660006,95.28672422158547,99.43714690508547,596632,-0.04130817223041128
2022-12-19,96.67021179199219,100.30182702839186,94.76793180399402,100.30182702839186,339826,0.0035907707805116207
2022-12-26,98.5724868774414,99.95595905809253,96.15140561361515,96.67021345366058,114461,0.01967798611574767
2023-01-02,100.12889862060547,100.3018301717905,96.84314637276324,98.57248827227687,109990,0.01578951482779578
2023-01-09,100.47476196289062,103.0687748183551,98.22661880753792,100.30183041129266,198475,0.0034541810311492505
2023-01-16,101.68529510498047,102.54996599294275,98.74541276652566,101.16649389158617,177896,0.01204813147541417
2023-01-23,97.8807373046875,101.16648916417016,95.28672476201648,101.16648916417016,567471,-0.03741502442772204
2023-01-30,98.39954376220703,99.78301578023621,96.15139431138029,98.22660563688154,214386,0.005300393844649642
2023-02-06,103.4146499633789,104.79812223975168,97.0160832636241,98.57249369761608,522587,0.050966762745276784
2023-02-13,106.52745056152344,106.70038869694584,100.30182281845447,103.76050636391841,315740,0.0301001898594333
2023-02-20,103.24170684814453,106.8733219917971,101.51236504699274,106.7003904504481,126281,-0.030844103525046518
2023-02-27,104.45223999023438,106.00864354228939,101.68528934727829,103.41463102528273,163073,0.0117252337165481
2023-03-06,100.64768981933594,105.14397567025848,100.30182015459224,104.97104413634422,215272,-0.03642382558051549
2023-03-13,100.99356842041016,102.72291030023283,97.70781620998078,101.16649996962612,232700,0.003436527968948777
2023-03-20,101.51237487792969,103.93344967586121,99.43716319619118,100.99357360672408,194682,0.005137024719830352
2023-03-27,110.67787170410156,110.85080323987313,101.5123617729887,101.85823144144706,343838,0.09028945325329585
2023-04-03,111.8884048461914,113.09895197557474,108.94852917765972,110.85080244517025,89628,0.010937445068750717
2023-04-10,114.6553726196289,115.52004356489358,111.88841503971668,111.88841503971668,197597,0.02472970972498123
2023-04-17,109.98613739013672,115.69297068803675,109.2944046185445,114.65536823219067,220675,-0.040724085778190755
2023-04-24,126.58780670166016,126.58780670166016,109.98612908085998,110.15906720837948,374690,0.15094328890408182
2023-05-01,127.52395629882812,131.41512541884504,126.63960152075833,129.46953411174508,399293,0.007395258844907993
2023-05-08,131.7688446044922,133.53755392804243,127.34707129561662,128.58516242442929,353167,0.03328698723647627
2023-05-15,135.30628967285156,135.30628967285156,131.94573860305508,132.4763569014065,535651,0.026845838096077435
2023-05-22,128.76206970214844,137.07499977468134,128.4083196707357,135.8369084001965,645858,-0.04836597017423194
2023-05-29,135.30628967285156,136.19064450731466,127.34709616268383,128.76206929549832,620381,0.05082412845522888
2023-06-05,136.19064331054688,136.8981298707371,134.24506539066152,135.83690677754365,407059,0.006535938867539226
2023-06-12,142.9117431640625,143.26547969155342,134.42193156244517,136.19064118826682,673343,0.04935067263167214
2023-06-19,138.31307983398438,146.97975922892223,135.6600155392595,142.02738064194546,694712,-0.032178344678077786
2023-06-26,137.95933532714844,139.37430826663817,130.8844976180639,138.31307181492986,473026,-0.002557563661083506
2023-07-03,132.2994842529297,138.84370441360457,129.29266981880016,137.95934960842237,312325,-0.04102550262943294
2023-07-10,130.88450622558594,131.76886099738044,128.40831016572477,131.76886099738044,252775,-0.010695264878271216
2023-07-17,120.09538269042969,131.59199491348352,118.5035413760933,128.40831228481073,470073,-0.08243239667008917
2023-07-24,120.8028564453125,122.92530231055588,118.68039708588739,120.27223823191079,162704,0.0058909321826841055
2023-07-31,118.50352478027344,123.27903456031345,118.50352478027344,121.86407519675923,215564,-0.01903375245170602
2023-08-07,117.79605865478516,118.6804134697523,116.02734902485089,118.50354520559559,162162,-0.005970000696604139
2023-08-14,116.91170501708984,119.74163775464467,116.73483675115212,117.61919157502449,96809,-0.007507497685359854
2023-08-21,114.08175659179688,117.44230715922882,113.02053364791887,116.91168894019889,301968,-0.024205860524224576
2023-08-28,116.55796813964844,118.50354604756274,113.37428538547329,114.25864020672375,146762,0.021705587482421462
2023-09-04,115.14298248291016,116.55795544042017,113.72802301958234,115.67360071552196,81698,-0.012139759120054161
2023-09-11,118.32666778564453,118.32666778564453,113.72802580248252,114.96611704996296,282816,0.027649842257706947
2023-09-18,119.56476593017578,120.09538420638023,115.85047847929461,117.79605633507205,117360,0.010463390609242396
2023-09-25,118.14978790283203,120.27223368788697,112.84365319892288,119.38787902841722,164395,-0.011834406368261385
2023-10-02,113.55113983154297,120.09537280886369,111.60556216040838,120.09537280886369,87419,-0.03892218642890033
2023-10-09,121.51033782958984,122.92531083398502,113.90489503996798,113.90489503996798,183499,0.07009351037651079
2023-10-16,107.00691986083984,120.27224050474561,104.000112498803,120.27224050474561,564719,-0.11935953950757738
2023-10-23,99.0477294921875,106.6531788002051,98.16337476457868,106.6531788002051,414391,-0.07438014643354929
2023-10-30,106.6531753540039,107.36066181206695,100.46269246077046,101.52392214786501,239731,0.07678566586845692
2023-11-06,108.06814575195312,110.36747345708967,105.23821330314208,110.36747345708967,355280,0.013267025508173047
2023-11-13,112.66679382324219,113.55114180514497,106.12256747926904,108.59876341928843,250674,0.04255322453523225
2023-11-20,107.53752899169922,111.95930244322543,106.12256283662899,111.95930244322543,116779,-0.04552596783387697
2023-11-27,111.51089477539062,113.32408005629128,110.06034793402068,110.6043021349403,305317,0.03694864314762247
2023-12-04,108.97242736816406,111.87352782796243,106.25264957777641,111.51088940589356,134504,-0.02276429950938552
2023-12-11,112.78012084960938,113.68671344982046,107.52188100168404,112.59879817951558,286855,0.03494180659646129
2023-12-18,113.86802673339844,116.04385031006261,110.60429482677843,110.60429482677843,177756,0.009646255701745154
2023-12-25,117.13176727294922,118.40100527936481,113.86803512578325,113.86803512578325,157674,0.028662484396890786
2024-01-01,114.04935455322266,118.76363341839684,113.14276193170816,117.13176393296965,633764,-0.026315770618774104
2024-01-08,118.21967315673828,118.40100274914118,111.51089324300067,114.59330956152361,286578,0.03656591148500965
2024-01-15,120.3955078125,122.57132465944329,115.31858339162409,118.5823224955452,269206,0.01840501329145905
2024-01-22,129.09878540039062,129.8240622734614,121.12078129712937,121.12078129712937,307206,0.07228905584620993
2024-01-29,124.92845153808594,130.00536133028947,124.38449049479442,130.00536133028947,249825,-0.03230343220790732
2024-02-05,117.85704040527344,127.82955920879658,114.23066993126503,124.56582024878679,460279,-0.05660368831720208
2024-02-12,118.40099334716797,120.03284888116659,116.76912397966476,119.67021739216791,318378,0.004615362306944482
2024-02-19,114.23066711425781,119.30759118607135,114.23066711425781,119.30759118607135,226207,-0.035222054435659955
2024-02-26,113.86802673339844,114.41198089837637,111.51088740732578,113.505388317829,251392,-0.003174632434709057
2024-03-04,112.96143341064453,115.68121113441649,108.42847053769128,113.32407182383128,276642,-0.007961790054345386
2024-03-11,114.59329986572266,116.76912337215613,112.78011476315348,113.32406891057379,399512,0.01444622652003602
2024-03-18,116.22517395019531,116.95045083057447,113.50539602390288,114.9559497846612,207721,0.014240571537645241
2024-03-25,117.67572784423828,118.03835936808564,114.77462723618866,116.225174081837,177694,0.0124805482731698
2024-04-01,119.67021942138672,121.483404564135,115.8625333883163,118.40099535486485,307294,0.016949048148556578
2024-04-08,122.20867919921875,124.20318005382006,117.85703216785845,117.85703216785845,394869,0.021212126041931345
2024-04-15,118.58231353759766,122.20868389756392,117.4944051963088,122.20868389756392,178261,-0.029673552528209246
2024-04-22,125.29109954833984,127.46693017518788,118.76363533480732,119.30759644989578,338218,0.056574929351628
2024-04-29,129.2801055908203,130.18669815784287,124.38449742879558,124.74714275570746,327798,0.0318379043432484
2024-05-06,133.26910400390625,133.26910400390625,127.10427193634439,131.09328743112178,272339,0.030855469949192083
2024-05-13,133.08778381347656,134.71965310527406,130.54932200773646,131.9998755634462,197222,-0.0013605568356216402
2024-05-20,133.26910400390625,139.61525181361606,130.9119578554694,133.08778826175828,250808,0.0013624104725029618
2024-05-27,135.6089630126953,138.76697429044694,132.26517469394784,136.5377915264809,303606,0.017557400316283944
2024-06-03,138.7669677734375,139.13850766518186,134.49436531436,136.90931083310875,321371,0.023287581370609933
2024-06-10,142.29653930664062,145.82609083660896,139.1385277219741,139.1385277219741,675889,0.025435242910011535
2024-06-17,146.19760131835938,146.94066695844623,142.29652442390116,142.29652442390116,356845,0.027415016772208256
2024-06-24,142.11077880859375,148.05527630532342,138.3954643299377,146.569159017541,316704,-0.02795410097643236
2024-07-01,140.25311279296875,143.03959847759728,136.9093243022949,142.11076991605444,258631,-0.013071957181566507
2024-07-08,131.1505889892578,140.43887452918824,122.23384337460399,140.25311165294943,374771,-0.06490069006273969
2024-07-15,129.29293823242188,133.37979257442584,124.27726946359849,131.89366114591536,285764,-0.014164257828747528
2024-07-22,131.1505889892578,132.8224832210051,128.5498662035175,129.85023468278715,176818,0.014367766578995633
2024-07-29,133.1940155029297,139.32428992892213,131.33635830387738,131.89366113271294,230288,0.015580765053516021
2024-08-05,128.7356414794922,132.63671851797403,126.69220735061232,129.10716722685282,212359,-0.033472780339289576
2024-08-12,131.3363494873047,133.75130935307695,129.10716666720623,129.10716666720623,109270,0.02020192681625632
2024-08-19,129.85023498535156,133.19400928383848,128.36410362638026,129.85023498535156,136381,-0.011315332790613142
2024-08-26,134.49436950683594,134.6801323720999,129.66446414598232,130.96481837562817,231289,0.03576531472590938
2024-09-02,135.23744201660156,138.2096905303381,132.63671925228252,133.0082450017,145164,0.005524933961847722
2024-09-09,133.56556701660156,136.1662901551236,130.4075410009673,135.42322437657432,188354,-0.012362515698831067
2024-09-16,135.05166625976562,135.2374433090487,130.2217606071851,132.82248339635893,252698,0.011126364948380374
2024-09-23,126.87797546386719,136.3520230825026,125.76336995466485,135.42319460669916,227435,-0.06052269492311724
2024-09-30,122.23384857177734,127.06375442334068,122.23384857177736,126.69221448226683,244870,-0.03660309738637357
2024-10-07,128.92141723632812,128.92141723632812,120.5619595301616,122.04807684091108,436966,0.05471126650016056
2024-10-14,129.10716247558594,132.26517373032988,126.87797972786059,127.24950546154874,271963,0.001440763243529375
2024-10-21,130.779052734375,138.39544343091265,125.57760758060411,128.3640930188104,625135,0.012949632125213828
2024-10-28,127.43526458740234,134.6801295640268,127.43526458740234,130.77905278362834,449261,-0.025568224245852367
2024-11-04,127.24951171875,130.0359973768248,125.57761748934531,128.73564307217615,283419,-0.0014576253225805358
2024-11-11,126.5064468383789,129.850235318237,124.46302684415409,127.62103827406524,343141,-0.005839432075884332
2024-11-18,123.719970703125,127.62104811524873,119.81889329100126,127.24952233230367,317504,-0.022026356797561708
2024-11-25,129.51785278320312,131.6160771901446,126.08438407881685,127.03812376860051,451720,0.04686294417245351
2024-12-02,134.09580993652344,136.95702908549978,127.41963192224529,129.51785638757863,307899,0.0353461476927297
2024-12-09,135.4310302734375,136.38476992325045,129.32710233579954,134.85878066238487,169846,0.009957211471008032
2024-12-16,132.18832397460938,135.43103302878143,128.37336529774228,135.43103302878143,283858,-0.023943599131462268
2024-12-23,132.76055908203125,133.14206368157357,127.80111571128047,131.61607438922914,60583,0.0043289383677471704
2024-12-30,134.477294921875,136.57551930794585,132.76056058675792,132.76056058675792,77904,0.01293106817050238
2025-01-06,133.14205932617188,136.00327824103593,132.56980972203428,135.24028361982312,153052,-0.009929078336077701
2025-01-13,127.61036682128906,134.0957992878715,125.70288754011258,133.52354968235375,474611,-0.04154729566959192
2025-01-20,128.75485229492188,132.1883208439513,127.22886303915057,127.61036762954944,203874,0.008968593243177558
2025-01-27,137.5292510986328,137.91075568061348,128.3733594247733,128.7548494538422,276599,0.06814810197298482
2025-02-03,130.090087890625,139.81824437064037,125.8936390759259,135.24029094820597,875093,-0.05409149798011059
2025-02-10,125.70289611816406,129.70859997140423,123.9861617373717,129.51785494085243,524249,-0.033724258654890926
2025-02-17,128.75485229492188,129.32710190406414,124.93989370840568,125.70288833629134,244069,0.024279123799096025
2025-02-24,126.27513122558594,132.56981910497288,125.32139151979477,131.23458933803042,295968,-0.019259243633443557
2025-03-03,126.6566390991211,129.13635366624504,123.98616494359935,125.8936444042701,242015,0.0030212431365730374
2025-03-10,125.89363861083984,128.5641126434705,123.79541421124172,127.22886835069882,192874,-0.006024164968439827
2025-03-17,126.08438873291016,127.99186818288734,124.17690928293295,125.89364369849508,416711,0.0015151688693337828
2025-03-24,124.7491455078125,126.46587973854021,123.98615089938777,123.98615089938777,498087,-0.01059007573035986
2025-03-31,120.17119598388672,124.93989423721555,119.40820135277167,124.36764462565124,443329,-0.036697241534524805
2025-04-07,122.07867431640625,124.93989324569702,114.63950218966784,116.16549143978773,404471,0.015873007811084028
2025-04-14,128.9456024169922,128.9456024169922,123.60466891623669,123.79541394252927,83903,0.05625002187350159
2025-04-21,133.90504455566406,135.4310338569069,125.8936371064205,129.70859580661505,259461,0.03846150660209191
2025-04-28,140.0089874267578,140.39047747620907,132.95130508860908,135.43103406877992,349649,0.04558411440994181
2025-05-05,140.5812225341797,141.53496221094593,138.6737431806472,138.6737431806472,186474,0.004087131247350939
2025-05-12,144.0146942138672,144.0146942138672,139.81824536919777,142.4887048778531,162493,0.024423401772969422
2025-05-19,141.5349578857422,147.06665075252448,140.1997282002381,144.96842643834142,462004,-0.01721863412383806
2025-05-26,142.1286163330078,145.4475477051977,141.93337280935816,144.47138966690778,319206,0.004194429815317147
2025-06-02,145.6427764892578,148.7664792361206,141.1524584453268,142.12861648465827,264284,0.02472521190255117
2025-06-09,146.61892700195312,149.74262958846165,143.88568165313737,143.88568165313737,254882,0.006702361326978101
2025-06-16,150.32833862304688,151.4997252956571,145.6427770376163,147.39986449402647,556463,0.025299677858400482
2025-06-23,153.25680541992188,154.62342065675364,147.9855581978692,148.57124405865898,309823,0.019480470706313202
2025-06-30,148.9617156982422,155.40434951541417,146.618927577916,154.8186636565743,337296,-0.028025442067066364
2025-07-07,152.28065490722656,153.6472702112186,148.9617235146803,149.35218077439526,247400,0.0222804845756992
2025-07-14,139.59059143066406,153.25680317912068,138.80966206604023,152.28064519708806,887652,-0.08333339178435784
2025-07-21,139.00489807128906,142.12861569580394,138.2239835601499,140.5667568835465,707049,-0.0041957939526742205
2025-07-28,136.27166748046875,140.9572141268544,136.0764239577114,139.59059883749018,550640,-0.019662836552842622
2025-08-04,137.63827514648438,139.7858197229637,136.0764164208692,136.46688854976736,604120,0.010028553192918732
2025-08-11,139.00489807128906,139.59059884963298,136.66212474789245,137.63828278180594,433785,0.009929090751465974
2025-08-18,142.71429443359375,142.71429443359375,140.17629260948758,140.17629260948758,369824,0.02668536442796654
2025-08-25,136.66212463378906,143.30000223785672,136.27166737854546,143.10477361023493,647549,-0.042407593603882576
2025-09-01,137.44305419921875,138.41921223345327,135.49073813074972,136.66212479283323,659057,0.005714308682982505
2025-09-08,138.41920471191406,141.15245003824725,137.24781811348234,137.63827534796334,338292,0.007102217848567349
2025-09-15,141.34768676757812,145.05709028798904,136.66212520995325,139.20014206470535,613078,0.02115661668306057
2025-09-22,138.61444091796875,142.9095303123607,138.0287401391928,141.15245776601188,240288,-0.01933703983499724
2025-09-29,139.78582763671875,143.88568840482984,138.6144409736855,138.6144409736855,457260,0.008450683139451742
2025-10-06,140.37152099609375,143.10476632869282,138.80966226461177,139.78582024804084,268433,0.004189933767084986
2025-10-13,139.20013427734375,140.95720673004018,137.2478183121355,140.56674949499404,211613,-0.00834490294354362
2025-10-20,147.3998565673828,151.4997171485374,139.00489189098005,139.59059264328306,680673,0.05890599411134079
2025-10-27,150.7187957763672,152.8663553854651,147.0094071315391,148.9617232161811,579946,0.022516570139721637
2025-11-03,145.0570831298828,151.8901890531884,144.47138237846107,151.1092596829557,459569,-0.037564741791628165
2025-11-10,146.4237060546875,147.59509272412708,144.27616134488335,146.4237060546875,337782,0.009421276750622543
2025-11-17,141.93336486816406,146.4236975510587,138.02873293346917,146.4236975510587,317824,-0.03066676365127885
2025-11-24,148.60000610351562,152.1999969482422,145.1999969482422,146.0,530678,0.04697021902879506
2025-12-01,153.0,153.0,147.39999389648438,149.0,295473,0.029609648154518275
2025-12-08,161.60000610351562,161.60000610351562,152.60000610351562,153.0,374718,0.05620919021905646
