"Date","Price","Open","High","Low","Vol.","Change %"
"10/26/2025","260.70","260.60","262.60","259.60","1.53M","0.54%"
"10/19/2025","259.30","270.00","274.10","258.10","10.70M","-3.86%"
"10/12/2025","269.70","277.00","278.40","267.00","7.51M","-2.35%"
"10/05/2025","276.20","269.50","276.90","265.00","5.69M","2.37%"
"09/28/2025","269.80","273.60","274.70","268.40","5.96M","-1.17%"
"09/21/2025","273.00","269.90","273.30","266.00","6.60M","1.07%"
"09/14/2025","270.10","267.60","270.60","263.40","9.56M","0.90%"
"09/07/2025","267.70","263.10","267.70","262.10","7.00M","1.71%"
"08/31/2025","263.20","265.20","267.60","260.50","7.21M","-0.57%"
"08/24/2025","264.70","273.00","275.30","262.70","8.61M","-3.04%"
"08/17/2025","273.00","269.10","274.70","265.70","6.14M","1.45%"
"08/10/2025","269.10","266.10","271.50","264.50","7.62M","1.28%"
"08/03/2025","265.70","259.80","266.80","259.60","7.10M","3.10%"
"07/27/2025","257.70","260.10","263.50","257.70","6.97M","-0.62%"
"07/20/2025","259.30","259.00","262.50","256.60","7.02M","0.31%"
"07/13/2025","258.50","259.00","264.50","256.80","10.58M","-0.35%"
"07/06/2025","259.40","278.30","284.50","258.90","12.27M","-6.76%"
"06/29/2025","278.20","278.60","279.30","273.40","5.91M","0.51%"
"06/22/2025","276.80","275.00","277.70","270.20","9.40M","-0.04%"
"06/15/2025","276.90","279.50","283.10","270.30","21.03M","-0.54%"
"06/08/2025","278.40","277.80","280.20","276.00","5.41M","0.40%"
"06/01/2025","277.30","272.80","278.40","271.70","5.98M","1.46%"
"05/25/2025","273.30","277.70","278.90","272.70","7.93M","-0.83%"
"05/18/2025","275.60","274.00","279.50","270.80","7.93M","0.62%"
"05/11/2025","273.90","265.20","274.00","260.90","8.08M","4.03%"
"05/04/2025","263.30","262.00","272.20","260.30","8.28M","0.65%"
"04/27/2025","261.60","264.50","270.40","254.40","9.26M","-0.98%"
"04/20/2025","264.20","257.40","267.20","256.90","7.32M","1.65%"
"04/13/2025","259.90","255.00","261.60","254.00","4.71M","4.17%"
"04/06/2025","249.50","233.00","259.80","230.30","14.91M","1.13%"
"03/30/2025","246.70","274.30","278.50","245.50","12.84M","-10.84%"
"03/23/2025","276.70","273.40","279.80","272.50","8.00M","1.73%"
"03/16/2025","272.00","269.20","275.30","268.10","12.81M","1.04%"
"03/09/2025","269.20","265.80","270.50","259.50","8.28M","1.43%"
"03/02/2025","265.40","260.00","265.40","256.10","10.46M","2.47%"
"02/23/2025","259.00","251.00","259.60","250.70","11.54M","2.53%"
"02/16/2025","252.60","239.80","253.70","239.80","10.34M","5.34%"
"02/09/2025","239.80","240.00","241.40","236.80","8.50M","-0.12%"
"02/02/2025","240.10","237.80","249.60","236.60","9.53M","-0.29%"
"01/26/2025","240.80","241.00","246.00","239.60","5.60M","0.17%"
"01/19/2025","240.40","238.00","242.90","236.50","7.19M","1.09%"
"01/12/2025","237.80","229.00","238.90","228.90","6.68M","3.66%"
"01/05/2025","229.40","231.20","231.70","226.20","5.40M","-0.48%"
"12/29/2024","230.50","227.00","231.00","226.10","3.09M","1.27%"
"12/22/2024","227.60","225.20","227.60","224.40","1.44M","1.52%"
"12/15/2024","224.20","230.20","231.10","223.10","8.04M","-2.31%"
"12/08/2024","229.50","226.80","230.60","226.50","5.27M","1.19%"
"12/01/2024","226.80","230.30","233.50","225.00","6.46M","-1.69%"
"11/24/2024","230.70","230.90","232.60","227.90","7.00M","0.09%"
"11/17/2024","230.50","229.70","232.30","227.00","5.31M","-0.09%"
"11/10/2024","230.70","230.00","231.00","225.60","7.15M","0.79%"
"11/03/2024","228.90","230.90","234.20","227.80","5.77M","-0.95%"
"10/27/2024","231.10","230.60","231.10","225.60","5.73M","0.30%"
"10/20/2024","230.40","221.60","237.70","221.50","9.60M","3.83%"
"10/13/2024","221.90","220.00","223.10","219.40","7.98M","1.00%"
"10/06/2024","219.70","217.30","221.40","215.40","6.59M","1.20%"
"09/29/2024","217.10","216.40","217.10","213.00","6.60M","0.46%"
"09/22/2024","216.10","215.20","217.30","212.60","6.93M","-0.37%"
"09/15/2024","216.90","214.60","219.30","213.40","11.84M","0.65%"
"09/08/2024","215.50","215.00","218.40","211.60","6.95M","-0.05%"
"09/01/2024","215.60","224.50","224.90","214.40","6.48M","-3.79%"
"08/25/2024","224.10","223.40","225.40","222.40","","0.13%"
"08/18/2024","223.80","221.90","224.30","220.50","4.04M","0.81%"
"08/11/2024","222.00","215.30","222.10","214.40","7.84M","3.54%"
"08/04/2024","214.40","215.00","216.20","208.00","772.44K","-1.88%"
"07/28/2024","218.50","222.70","226.10","218.50","2.14M","-1.80%"
"07/21/2024","222.50","219.00","222.70","218.10","1.36M","1.69%"
"07/14/2024","218.80","218.30","219.30","214.90","915.51K","0.23%"
"07/07/2024","218.30","209.70","219.70","203.70","9.56M","4.15%"
"06/30/2024","209.60","210.90","215.10","209.60","5.92M","-0.05%"
"06/23/2024","209.70","208.60","211.50","206.20","7.17M","0.58%"
"06/16/2024","208.50","207.00","210.90","206.00","12.34M","1.36%"
"06/09/2024","205.70","202.20","206.40","200.10","7.57M","1.58%"
"06/02/2024","202.50","205.40","206.60","201.50","5.99M","-1.32%"
"05/26/2024","205.20","205.20","206.80","202.30","12.27M","-0.10%"
"05/19/2024","205.40","205.40","207.10","199.50","5.69M","0.98%"
"05/12/2024","203.40","204.10","206.70","200.50","7.08M","-0.15%"
"05/05/2024","203.70","197.00","205.10","196.75","7.06M","3.59%"
"04/28/2024","196.65","208.00","211.20","192.60","8.84M","-5.41%"
"04/21/2024","207.90","211.50","213.80","202.40","2.22M","-1.70%"
"04/14/2024","211.50","215.60","216.40","208.90","7.52M","-2.08%"
"04/07/2024","216.00","215.40","220.00","213.80","6.80M","0.23%"
"03/31/2024","215.50","216.80","217.80","212.30","6.94M","0.19%"
"03/24/2024","215.10","212.60","215.60","212.10","3.50M","1.18%"
"03/17/2024","212.60","208.50","214.00","208.00","7.20M","2.21%"
"03/10/2024","208.00","212.00","213.10","208.00","11.42M","-2.12%"
"03/03/2024","212.50","213.30","214.20","211.00","4.13M","-0.28%"
"02/25/2024","213.10","207.00","214.80","206.80","7.10M","2.80%"
"02/18/2024","207.30","207.10","208.70","204.70","6.79M","0.58%"
"02/11/2024","206.10","201.20","206.60","200.70","6.65M","2.64%"
"02/04/2024","200.80","208.70","208.70","200.10","6.75M","-3.23%"
"01/28/2024","207.50","214.80","215.20","204.50","11.02M","-3.49%"
"01/21/2024","215.00","213.20","217.70","213.20","7.43M","1.03%"
"01/14/2024","212.80","216.90","217.80","206.40","7.08M","-1.75%"
"01/07/2024","216.60","215.30","218.50","213.60","5.73M","0.51%"
"12/31/2023","215.50","214.90","216.80","211.90","6.30M","-0.23%"
"12/24/2023","216.00","211.40","216.00","211.40","2.29M","2.32%"
"12/17/2023","211.10","211.60","213.40","209.20","6.55M","0.09%"
"12/10/2023","210.90","209.70","212.30","208.60","8.65M","1.01%"
"12/03/2023","208.80","206.50","214.90","205.70","8.80M","1.11%"
"11/26/2023","206.50","206.70","207.30","203.60","7.98M","-0.29%"
"11/19/2023","207.10","203.80","207.10","202.10","5.77M","1.77%"
"11/12/2023","203.50","200.90","205.70","200.90","5.73M","1.55%"
"11/05/2023","200.40","198.50","201.80","197.00","6.84M","0.73%"
"10/29/2023","198.95","200.60","202.00","196.70","8.98M","-0.77%"
"10/22/2023","200.50","207.00","207.50","196.90","8.61M","-2.67%"
"10/15/2023","206.00","220.00","224.40","204.20","13.41M","-6.11%"
"10/08/2023","219.40","212.90","221.20","212.40","7.23M","3.30%"
"10/01/2023","212.40","216.50","216.80","209.30","7.49M","-1.48%"
"09/24/2023","215.60","217.00","218.90","214.20","8.21M","-0.92%"
"09/17/2023","217.60","219.00","220.30","216.00","7.02M","-0.68%"
"09/10/2023","219.10","210.00","219.40","209.50","11.23M","4.53%"
"09/03/2023","209.60","210.50","212.70","208.50","5.67M","-0.47%"
"08/27/2023","210.60","211.70","213.20","210.10","7.58M","0.14%"
"08/20/2023","210.30","209.60","211.70","208.20","5.97M","0.43%"
"08/13/2023","209.40","211.00","212.80","208.70","5.96M","-1.32%"
"08/06/2023","212.20","208.70","212.80","205.00","7.36M","1.58%"
"07/30/2023","208.90","208.40","209.20","203.80","6.96M","0.24%"
"07/23/2023","208.40","206.00","209.70","204.50","4.87M","0.58%"
"07/16/2023","207.20","199.60","207.50","198.70","7.38M","4.07%"
"07/09/2023","199.10","198.75","200.40","195.55","9.39M","0.00%"
"07/02/2023","199.10","201.00","203.70","197.10","5.34M","-0.80%"
"06/25/2023","200.70","191.45","201.60","188.45","7.02M","5.11%"
"06/18/2023","190.95","195.25","197.35","190.95","5.69M","-2.33%"
"06/11/2023","195.50","194.20","196.20","190.85","8.76M","0.67%"
"06/04/2023","194.20","191.95","196.10","190.00","5.38M","1.92%"
"05/28/2023","190.55","185.30","190.70","183.75","6.36M","2.53%"
"05/21/2023","185.85","186.55","188.70","184.05","6.15M","-0.69%"
"05/14/2023","187.15","185.00","187.15","183.65","4.86M","1.63%"
"05/07/2023","184.15","185.85","187.50","181.20","7.64M","-0.67%"
"04/30/2023","185.40","187.95","189.35","183.15","5.78M","-0.96%"
"04/23/2023","187.20","199.45","201.60","179.90","11.23M","-6.05%"
"04/16/2023","199.25","198.50","204.90","195.15","7.32M","0.68%"
"04/09/2023","197.90","190.55","198.20","190.45","5.85M","4.08%"
"04/02/2023","190.15","189.15","192.45","187.95","3.74M","1.49%"
"03/26/2023","187.35","183.10","189.60","181.15","7.60M","3.74%"
"03/19/2023","180.60","180.00","191.50","177.45","11.11M","-1.77%"
"03/12/2023","183.85","197.75","198.70","182.35","15.27M","-7.26%"
"03/05/2023","198.25","207.80","209.50","196.25","8.88M","-4.37%"
"02/26/2023","207.30","206.40","209.40","203.60","8.65M","0.83%"
"02/19/2023","205.60","197.80","207.20","197.05","10.23M","3.92%"
"02/12/2023","197.85","191.05","198.85","190.55","8.90M","3.97%"
"02/05/2023","190.30","191.05","195.00","188.80","10.17M","0.16%"
"01/29/2023","190.00","186.90","190.15","185.55","6.87M","1.41%"
"01/22/2023","187.35","183.70","188.55","183.30","6.71M","2.38%"
"01/15/2023","183.00","188.75","189.75","181.95","7.86M","-4.39%"
"01/08/2023","191.40","200.20","201.50","189.50","8.02M","-3.75%"
"01/01/2023","198.85","195.00","201.70","195.00","6.80M","2.26%"
"12/25/2022","194.45","193.80","195.20","191.80","2.08M","0.54%"
"12/18/2022","193.40","186.85","194.65","184.65","6.50M","4.23%"
"12/11/2022","185.55","184.50","187.10","183.15","7.49M","0.32%"
"12/04/2022","184.95","189.05","190.10","180.20","4.99M","-2.63%"
"11/27/2022","189.95","188.50","192.05","187.45","7.95M","0.37%"
"11/20/2022","189.25","183.20","189.85","182.30","4.22M","2.83%"
"11/13/2022","184.05","185.00","187.20","180.45","7.55M","-0.16%"
"11/06/2022","184.35","181.00","185.10","180.40","4.97M","1.18%"
"10/30/2022","182.20","182.45","187.60","179.35","5.80M","-0.03%"
"10/23/2022","182.25","178.35","184.00","177.15","6.31M","3.02%"
"10/16/2022","176.90","175.70","187.20","172.20","10.14M","-0.84%"
"10/09/2022","178.40","173.00","181.55","172.80","7.27M","2.47%"
"10/02/2022","174.10","171.40","179.25","168.05","6.25M","0.72%"
"09/25/2022","172.85","175.75","177.40","168.55","9.12M","-2.56%"
"09/18/2022","177.40","180.50","186.75","176.80","7.62M","-1.99%"
"09/11/2022","181.00","181.90","184.25","179.30","8.13M","0.42%"
"09/04/2022","180.25","189.00","189.05","176.10","5.85M","-4.02%"
"08/28/2022","187.80","188.05","190.00","183.20","7.18M","-1.08%"
"08/21/2022","189.85","196.05","197.00","189.40","3.64M","-3.41%"
"08/14/2022","196.55","197.00","198.35","194.65","3.63M","-0.15%"
"08/07/2022","196.85","193.10","198.50","191.70","4.02M","1.81%"
"07/31/2022","193.35","189.50","193.35","188.80","3.39M","1.98%"
"07/24/2022","189.60","186.00","191.15","185.60","3.74M","1.80%"
"07/17/2022","186.25","180.00","189.30","180.00","4.86M","3.85%"
"07/10/2022","179.35","178.25","193.40","177.50","8.40M","-0.47%"
"07/03/2022","180.20","177.10","182.65","175.80","6.37M","2.47%"
"06/26/2022","175.85","176.25","183.95","175.00","6.10M","-0.09%"
"06/19/2022","176.00","176.55","183.15","171.95","5.64M","-0.28%"
"06/12/2022","176.50","183.60","184.65","175.55","9.89M","-4.54%"
"06/05/2022","184.90","190.25","191.20","184.90","5.80M","-2.89%"
"05/29/2022","190.40","195.00","195.70","188.70","5.78M","-1.78%"
"05/22/2022","193.85","188.75","194.45","184.85","5.52M","3.58%"
"05/15/2022","187.15","184.85","187.75","179.25","7.28M","1.08%"
"05/08/2022","185.15","182.80","185.15","174.40","7.26M","1.12%"
"05/01/2022","183.10","183.00","188.85","168.40","8.22M","-0.35%"
"04/24/2022","183.75","196.45","199.10","182.20","9.06M","-7.22%"
"04/17/2022","198.05","198.10","200.90","192.80","6.29M","0.58%"
"04/10/2022","196.90","198.60","201.10","194.65","3.27M","-0.83%"
"04/03/2022","198.55","199.50","200.70","190.20","7.86M","-1.66%"
"03/27/2022","201.90","202.80","207.40","199.80","6.65M","-0.54%"
"03/20/2022","203.00","197.15","205.50","197.15","7.13M","3.28%"
"03/13/2022","196.55","192.90","205.10","189.25","10.10M","2.42%"
"03/06/2022","191.90","181.95","194.50","176.50","9.38M","3.70%"
"02/27/2022","185.05","193.50","199.70","184.35","9.08M","-6.54%"
"02/20/2022","198.00","209.50","209.50","189.05","9.45M","-5.26%"
"02/13/2022","209.00","209.80","213.80","207.30","6.04M","-1.42%"
"02/06/2022","212.00","216.30","220.50","207.30","8.49M","-0.80%"
"01/30/2022","213.70","210.90","219.10","208.70","5.30M","1.86%"
"01/23/2022","209.80","210.00","213.90","202.80","6.37M","-0.29%"
"01/16/2022","210.40","215.40","216.90","210.40","4.48M","-2.05%"
"01/09/2022","214.80","210.50","216.90","206.80","4.56M","2.68%"
"01/02/2022","209.20","203.00","209.20","200.80","4.22M","3.56%"
"12/26/2021","202.00","197.45","202.50","196.35","2.26M","2.30%"
"12/19/2021","197.45","192.00","198.00","190.15","2.96M","1.83%"
"12/12/2021","193.90","200.10","201.10","191.85","7.46M","-2.98%"
"12/05/2021","199.85","202.90","206.90","198.10","5.09M","-1.36%"
"11/28/2021","202.60","200.50","204.40","190.10","9.82M","0.55%"
"11/21/2021","201.50","208.70","213.20","201.30","4.93M","-3.40%"
"11/14/2021","208.60","212.00","215.00","205.50","5.72M","-2.39%"
"11/07/2021","213.70","215.20","216.10","212.00","4.40M","-0.88%"
"10/31/2021","215.60","202.30","215.60","201.70","6.30M","7.37%"
"10/24/2021","200.80","215.00","215.90","199.85","7.14M","-6.60%"
"10/17/2021","215.00","208.50","217.90","208.00","6.83M","3.02%"
"10/10/2021","208.70","208.50","210.40","203.40","5.61M","1.31%"
"10/03/2021","206.00","199.40","206.90","198.75","4.84M","3.31%"
"09/26/2021","199.40","192.10","201.30","191.80","6.98M","3.85%"
"09/19/2021","192.00","185.00","192.00","181.25","5.05M","3.39%"
"09/12/2021","185.70","189.40","190.40","185.65","5.86M","-1.82%"
"09/05/2021","189.15","189.75","192.95","188.20","4.40M","-0.42%"
"08/29/2021","189.95","190.00","190.80","183.60","5.63M","0.00%"
"08/22/2021","189.95","186.25","190.00","185.00","3.52M","2.48%"
"08/15/2021","185.35","188.05","189.85","183.25","3.66M","-1.88%"
"08/08/2021","188.90","187.70","190.70","186.40","3.55M","0.67%"
"08/01/2021","187.65","181.90","187.80","180.20","3.66M","3.65%"
"07/25/2021","181.05","175.00","182.95","173.75","5.23M","3.46%"
"07/18/2021","175.00","180.80","180.80","174.05","7.52M","-3.23%"
"07/11/2021","180.85","187.90","192.90","180.85","5.58M","-3.26%"
"07/04/2021","186.95","187.10","192.75","184.70","5.64M","0.05%"
"06/27/2021","186.85","198.10","198.15","185.40","6.42M","-5.73%"
"06/20/2021","198.20","184.00","198.45","182.75","6.61M","6.65%"
"06/13/2021","185.85","187.15","191.00","184.20","9.80M","-0.46%"
"06/06/2021","186.70","188.65","189.75","184.40","5.30M","-1.14%"
"05/30/2021","188.85","186.00","189.70","184.50","4.35M","1.40%"
"05/23/2021","186.25","187.40","187.40","180.25","8.94M","-0.61%"
"05/16/2021","187.40","184.50","187.45","180.40","5.20M","2.57%"
"05/09/2021","182.70","183.65","183.95","177.65","4.30M","-0.30%"
"05/02/2021","183.25","178.15","185.70","177.45","5.80M","2.35%"
"04/25/2021","179.05","180.60","186.75","179.05","5.99M","-0.86%"
"04/18/2021","180.60","186.40","186.90","177.90","4.78M","-3.11%"
"04/11/2021","186.40","180.20","186.90","178.55","6.66M","3.01%"
"04/04/2021","180.95","187.25","187.35","179.85","5.66M","-0.58%"
"03/28/2021","182.00","181.40","184.70","179.80","2.68M","0.30%"
"03/21/2021","181.45","186.60","187.15","174.40","9.17M","-3.23%"
"03/14/2021","187.50","185.00","188.20","184.20","8.66M","1.35%"
"03/07/2021","185.00","178.00","185.00","177.75","7.37M","4.40%"
"02/28/2021","177.20","169.50","177.50","169.50","7.65M","5.07%"
"02/21/2021","168.65","169.50","176.05","166.25","10.55M","0.15%"
"02/14/2021","168.40","166.00","169.60","164.95","8.62M","2.34%"
"02/07/2021","164.55","170.20","172.55","163.25","12.13M","-4.14%"
"01/31/2021","171.65","167.65","174.35","166.70","6.03M","2.20%"
"01/24/2021","167.95","169.30","169.65","163.60","9.65M","-0.62%"
"01/17/2021","169.00","165.15","172.30","164.70","5.40M","1.87%"
"01/10/2021","165.90","166.00","169.55","163.10","7.70M","-1.25%"
"01/03/2021","168.00","168.00","168.85","161.50","6.98M","0.00%"
"12/27/2020","168.00","165.60","168.15","165.55","2.57M","1.69%"
"12/20/2020","165.20","158.70","165.20","156.60","4.23M","2.23%"
"12/13/2020","161.60","160.90","163.45","158.75","12.10M","1.00%"
"12/06/2020","160.00","159.00","164.45","158.10","7.95M","-0.71%"
"11/29/2020","161.15","161.10","163.30","158.65","9.40M","-1.47%"
"11/22/2020","163.55","157.45","165.55","157.45","8.10M","4.37%"
"11/15/2020","156.70","152.30","159.95","150.90","12.53M","4.19%"
"11/08/2020","150.40","135.90","153.10","134.85","15.88M","12.41%"
"11/01/2020","133.80","129.50","137.30","128.10","9.00M","3.96%"
"10/25/2020","128.70","137.85","139.65","126.05","12.29M","-8.07%"
"10/18/2020","140.00","135.90","140.25","132.10","12.67M","3.90%"
"10/11/2020","134.75","136.15","137.25","131.65","7.38M","-0.19%"
"10/04/2020","135.00","130.50","136.95","130.40","7.03M","4.98%"
"09/27/2020","128.60","129.25","130.10","127.10","7.68M","1.50%"
"09/20/2020","126.70","133.00","133.55","125.30","8.79M","-5.87%"
"09/13/2020","134.60","137.80","138.90","134.00","7.82M","-1.57%"
"09/06/2020","136.75","138.30","139.80","133.15","6.55M","-0.87%"
"08/30/2020","137.95","144.80","144.80","136.10","8.30M","-4.00%"
"08/23/2020","143.70","142.70","146.70","141.35","6.67M","1.20%"
"08/16/2020","142.00","145.00","145.65","140.55","4.96M","-2.07%"
"08/09/2020","145.00","142.00","147.55","141.05","6.95M","2.69%"
"08/02/2020","141.20","138.00","145.25","137.60","6.37M","1.91%"
"07/26/2020","138.55","142.50","144.20","137.15","9.64M","-4.12%"
"07/19/2020","144.50","146.00","149.10","142.05","7.31M","-1.40%"
"07/12/2020","146.55","140.00","149.40","138.60","17.55M","13.08%"
"07/05/2020","129.60","132.50","134.50","125.70","10.50M","-0.46%"
"06/28/2020","130.20","127.50","133.05","126.25","13.27M","1.72%"
"06/21/2020","128.00","129.45","133.65","126.35","10.09M","-2.18%"
"06/14/2020","130.85","127.50","135.10","127.40","19.01M","-2.86%"
"06/07/2020","134.70","143.95","150.05","129.85","21.81M","-6.03%"
"05/31/2020","143.35","134.50","144.40","133.40","16.28M","8.43%"
"05/24/2020","132.20","120.90","135.65","119.25","19.68M","11.00%"
"05/17/2020","119.10","116.00","123.00","115.45","14.25M","4.47%"
"05/10/2020","114.00","120.00","120.10","109.90","18.65M","-3.47%"
"05/03/2020","118.10","120.00","121.40","115.05","17.14M","-4.91%"
"04/26/2020","124.20","111.50","124.85","110.40","21.16M","13.48%"
"04/19/2020","109.45","113.65","113.65","105.05","19.99M","-3.18%"
"04/12/2020","113.05","112.65","115.85","106.85","20.10M","0.94%"
"04/05/2020","112.00","114.30","118.45","110.60","12.34M","-0.40%"
"03/29/2020","112.45","109.30","117.30","105.70","22.95M","2.60%"
"03/22/2020","109.60","104.90","114.20","101.50","26.16M","1.20%"
"03/15/2020","108.30","108.00","115.45","94.26","43.47M","-4.03%"
"03/08/2020","112.85","100.00","130.35","100.00","48.07M","-19.36%"
"03/01/2020","139.95","160.00","165.05","139.55","26.90M","-10.23%"
"02/23/2020","155.90","172.40","173.70","155.00","18.15M","-11.29%"
"02/16/2020","175.75","175.95","178.10","174.40","6.60M","0.29%"
"02/09/2020","175.25","174.15","176.30","171.90","8.16M","0.31%"
"02/02/2020","174.70","164.45","175.50","161.60","12.96M","7.94%"
"01/26/2020","161.85","161.10","164.70","157.35","9.60M","0.34%"
"01/19/2020","161.30","164.25","164.90","159.75","6.33M","-1.74%"
"01/12/2020","164.15","165.60","166.20","160.85","6.92M","-0.82%"
"01/05/2020","165.50","165.25","167.70","162.65","6.70M","0.39%"
"12/29/2019","164.85","163.15","166.50","163.15","3.13M","1.13%"
"12/22/2019","163.00","162.00","164.60","161.40","2.31M","0.43%"
"12/15/2019","162.30","157.80","162.60","156.80","12.39M","2.98%"
"12/08/2019","157.60","155.00","158.90","152.30","9.62M","1.42%"
"12/01/2019","155.40","154.50","156.30","151.90","13.98M","0.39%"
"11/24/2019","154.80","168.10","169.20","154.30","14.21M","-7.80%"
"11/17/2019","167.90","162.00","167.90","161.20","9.77M","3.83%"
"11/10/2019","161.70","168.20","170.60","157.90","10.32M","-4.32%"
"11/03/2019","169.00","168.20","170.10","166.70","8.76M","0.72%"
"10/27/2019","167.80","167.70","171.90","165.50","8.97M","0.06%"
"10/20/2019","167.70","160.70","169.80","156.30","10.77M","4.42%"
"10/13/2019","160.60","159.90","163.50","156.80","7.67M","0.44%"
"10/06/2019","159.90","151.50","161.00","150.90","6.72M","5.54%"
"09/29/2019","151.50","160.50","163.20","150.70","7.21M","-4.96%"
"09/22/2019","159.40","163.70","164.20","155.10","9.54M","-3.16%"
"09/15/2019","164.60","159.60","165.30","155.30","10.69M","3.13%"
"09/08/2019","159.60","150.10","159.60","150.10","7.06M","6.12%"
"09/01/2019","150.40","146.10","151.10","144.10","6.38M","2.38%"
"08/25/2019","146.90","142.00","147.30","141.50","7.28M","2.44%"
"08/18/2019","143.40","147.30","149.20","142.40","6.73M","-1.65%"
"08/11/2019","145.80","152.20","152.90","142.80","7.87M","-3.95%"
"08/04/2019","151.80","156.00","156.00","150.70","5.95M","-2.94%"
"07/28/2019","156.40","160.00","160.40","155.10","6.52M","-2.25%"
"07/21/2019","160.00","158.20","161.40","157.00","5.41M","1.72%"
"07/14/2019","157.30","160.90","161.80","155.00","7.52M","-3.02%"
"07/07/2019","162.20","165.70","166.90","158.30","7.26M","-2.41%"
"06/30/2019","166.20","160.00","166.80","160.00","8.44M","4.73%"
"06/23/2019","158.70","156.10","158.90","152.90","10.08M","1.60%"
"06/16/2019","156.20","150.60","156.50","150.40","11.37M","3.72%"
"06/09/2019","150.60","153.30","154.10","148.20","5.70M","-1.50%"
"06/02/2019","152.90","148.00","153.00","147.60","6.61M","3.03%"
"05/26/2019","148.40","154.00","154.80","146.90","7.29M","-3.51%"
"05/19/2019","153.80","158.80","158.80","151.70","8.04M","-1.35%"
"05/12/2019","155.90","154.90","155.90","151.30","7.09M","1.10%"
"05/05/2019","154.20","157.00","158.40","152.70","7.23M","-2.77%"
"04/28/2019","158.60","168.80","169.30","154.10","8.56M","-5.99%"
"04/21/2019","168.70","169.60","169.70","166.10","5.92M","0.00%"
"04/14/2019","168.70","166.20","168.70","165.80","4.01M","1.75%"
"04/07/2019","165.80","164.20","166.70","162.20","7.62M","0.97%"
"03/31/2019","164.20","160.20","165.00","160.20","9.44M","3.40%"
"03/24/2019","158.80","162.30","166.00","158.60","11.00M","-2.34%"
"03/17/2019","162.60","163.90","169.00","162.20","8.51M","-0.49%"
"03/10/2019","163.40","158.20","163.40","157.90","9.47M","3.48%"
"03/03/2019","157.90","164.70","165.00","156.20","14.27M","-3.66%"
"02/24/2019","163.90","161.70","165.00","161.20","7.94M","1.61%"
"02/17/2019","161.30","162.60","163.00","157.90","8.20M","-0.92%"
"02/10/2019","162.80","155.60","162.80","155.20","10.59M","5.24%"
"02/03/2019","154.70","151.00","158.30","149.30","10.37M","2.52%"
"01/27/2019","150.90","151.90","152.80","148.00","9.77M","-0.66%"
"01/20/2019","151.90","155.40","155.90","150.30","7.15M","-2.25%"
"01/13/2019","155.40","150.80","155.70","148.30","9.15M","3.81%"
"01/06/2019","149.70","148.80","150.80","144.30","7.98M","1.35%"
"12/30/2018","147.70","136.90","147.70","136.10","6.61M","6.87%"
"12/23/2018","138.20","140.00","140.00","135.50","4.29M","-0.22%"
"12/16/2018","138.50","145.00","145.20","136.80","13.06M","-4.81%"
"12/09/2018","145.50","148.00","149.40","145.00","8.95M","-1.82%"
"12/02/2018","148.20","150.10","152.60","145.20","9.99M","0.47%"
"11/25/2018","147.50","146.20","149.40","145.90","9.02M","1.86%"
"11/18/2018","144.80","152.40","153.40","144.30","7.86M","-4.11%"
"11/11/2018","151.00","157.30","157.30","148.70","11.38M","-3.64%"
"11/04/2018","156.70","155.40","158.90","154.20","5.97M","0.84%"
"10/28/2018","155.40","152.90","156.30","150.70","11.42M","2.51%"
"10/21/2018","151.60","164.40","165.90","148.60","13.00M","-7.22%"
"10/14/2018","163.40","162.00","165.00","160.10","8.96M","1.24%"
"10/07/2018","161.40","166.80","167.20","160.10","8.98M","-3.41%"
"09/30/2018","167.10","171.10","171.80","165.30","8.98M","-2.39%"
"09/23/2018","171.20","171.40","174.20","170.20","7.25M","-0.29%"
"09/16/2018","171.70","169.90","171.80","167.10","10.10M","0.94%"
"09/09/2018","170.10","170.20","172.30","169.00","6.34M","0.24%"
"09/02/2018","169.70","170.70","171.70","168.10","6.20M","-0.64%"
"08/26/2018","170.80","172.10","173.90","170.80","6.32M","-0.18%"
"08/19/2018","171.10","166.20","171.30","165.30","7.35M","3.07%"
"08/12/2018","166.00","166.20","167.40","163.90","7.12M","-0.54%"
"08/05/2018","166.90","163.40","169.00","162.70","7.33M","1.71%"
"07/29/2018","164.10","163.30","165.20","161.70","7.44M","0.37%"
"07/22/2018","163.50","158.90","164.60","158.60","9.01M","2.96%"
"07/15/2018","158.80","155.00","159.20","153.80","9.84M","2.25%"
"07/08/2018","155.30","158.60","163.80","152.90","15.46M","-1.65%"
"07/01/2018","157.90","157.40","162.80","156.40","9.68M","-0.88%"
"06/24/2018","159.30","156.70","160.50","155.20","9.73M","1.14%"
"06/17/2018","157.50","158.70","159.20","155.70","11.42M","-0.88%"
"06/10/2018","158.90","155.00","158.90","155.00","13.61M","2.98%"
"06/03/2018","154.30","151.40","154.30","148.90","11.36M","3.00%"
"05/27/2018","149.80","155.00","155.00","146.50","11.93M","-2.54%"
"05/20/2018","153.70","157.40","157.40","151.40","8.35M","-0.52%"
"05/13/2018","154.50","155.90","156.40","151.30","9.62M","-1.21%"
"05/06/2018","156.40","152.20","157.20","151.50","7.18M","2.76%"
"04/29/2018","152.20","150.30","155.20","150.30","9.34M","1.60%"
"04/22/2018","149.80","149.40","152.10","138.90","21.16M","0.33%"
"04/15/2018","149.30","149.20","150.30","146.50","11.16M","0.07%"
"04/08/2018","149.20","152.00","152.70","148.20","10.36M","-1.52%"
"04/01/2018","151.50","148.60","154.60","148.60","9.38M","-0.46%"
"03/25/2018","152.20","151.70","152.40","149.80","6.21M","0.26%"
"03/18/2018","151.80","158.70","158.90","148.40","10.88M","-4.35%"
"03/11/2018","158.70","156.00","158.90","155.20","10.61M","2.06%"
"03/04/2018","155.50","151.60","155.90","151.20","8.60M","2.57%"
"02/25/2018","151.60","156.30","157.20","151.40","8.85M","-2.51%"
"02/18/2018","155.50","158.50","158.50","152.60","9.40M","-1.40%"
"02/11/2018","157.70","154.10","159.80","153.60","13.26M","2.80%"
"02/04/2018","153.40","156.60","156.90","149.70","14.18M","-3.03%"
"01/28/2018","158.20","157.60","160.00","155.50","11.91M","0.76%"
"01/21/2018","157.00","161.10","163.00","156.10","12.05M","-2.30%"
"01/14/2018","160.70","157.60","160.90","156.70","8.29M","1.84%"
"01/07/2018","157.80","156.10","158.70","153.80","9.99M","1.28%"
"12/31/2017","155.80","152.20","157.00","150.50","6.22M","2.43%"
"12/24/2017","152.10","151.00","154.00","150.80","3.95M","0.53%"
"12/17/2017","151.30","153.70","154.90","150.80","9.32M","-0.85%"
"12/10/2017","152.60","153.40","155.50","152.50","10.53M","0.20%"
"12/03/2017","152.30","151.60","153.30","147.70","8.23M","1.06%"
"11/26/2017","150.70","151.60","152.70","149.80","8.28M","-0.53%"
"11/19/2017","151.50","152.30","154.60","149.70","8.07M","-0.53%"
"11/12/2017","152.30","157.90","158.00","151.70","10.66M","-3.49%"
"11/05/2017","157.80","159.80","161.20","157.40","8.22M","-0.63%"
"10/29/2017","158.80","156.90","160.40","156.90","8.86M","1.02%"
"10/22/2017","157.20","159.40","159.80","152.60","10.97M","-1.38%"
"10/15/2017","159.40","156.60","159.90","153.80","9.01M","1.40%"
"10/08/2017","157.20","159.30","160.20","156.60","6.94M","-1.32%"
"10/01/2017","159.30","160.50","162.50","158.00","8.37M","-0.75%"
"09/24/2017","160.50","159.70","164.30","159.70","10.01M","0.44%"
"09/17/2017","159.80","151.80","160.40","151.40","10.74M","5.48%"
"09/10/2017","151.50","149.00","155.00","149.00","8.25M","1.88%"
"09/03/2017","148.70","150.10","151.10","147.50","8.98M","-1.78%"
"08/27/2017","151.40","148.40","152.00","147.60","7.72M","1.61%"
"08/20/2017","149.00","147.20","149.70","146.70","6.29M","0.81%"
"08/13/2017","147.80","150.50","152.20","146.20","8.76M","-1.27%"
"08/06/2017","149.70","153.30","154.20","149.10","8.66M","-2.16%"
"07/30/2017","153.00","153.50","154.90","150.50","9.34M","-0.65%"
"07/23/2017","154.00","152.50","157.40","151.70","9.42M","0.98%"
"07/16/2017","152.50","150.10","155.50","149.60","12.42M","2.07%"
"07/09/2017","149.40","142.50","154.10","140.50","17.85M","4.84%"
"07/02/2017","142.50","142.20","145.80","141.70","8.67M","0.35%"
"06/25/2017","142.00","136.10","143.60","136.10","12.16M","4.49%"
"06/18/2017","135.90","144.00","145.90","135.70","13.54M","-5.10%"
"06/11/2017","143.20","144.30","145.60","141.40","12.47M","-0.42%"
"06/04/2017","143.80","141.80","144.00","140.50","8.71M","0.98%"
"05/28/2017","142.40","145.50","146.10","141.00","9.40M","-2.20%"
"05/21/2017","145.60","146.90","147.90","144.90","8.37M","-0.21%"
"05/14/2017","145.90","147.30","148.50","143.10","11.92M","-0.75%"
"05/07/2017","147.00","142.10","147.60","140.90","16.19M","3.30%"
"04/30/2017","142.30","135.00","142.90","134.50","13.75M","6.11%"
"04/23/2017","134.10","136.70","138.90","131.90","17.24M","0.15%"
"04/16/2017","133.90","139.00","139.00","132.30","10.24M","-2.05%"
"04/09/2017","136.70","135.00","136.70","134.00","4.64M","0.66%"
"04/02/2017","135.80","137.20","137.50","134.20","10.72M","-0.22%"
"03/26/2017","136.10","135.40","138.20","133.10","13.41M","-1.52%"
"03/19/2017","138.20","138.80","141.90","135.90","12.12M","-0.43%"
"03/12/2017","138.80","139.90","141.20","137.20","14.03M","-1.00%"
"03/05/2017","140.20","137.90","140.80","136.40","9.79M","1.01%"
"02/26/2017","138.80","139.00","140.30","137.20","11.44M","0.29%"
"02/19/2017","138.40","140.90","142.10","137.70","9.04M","-1.42%"
"02/12/2017","140.40","140.80","144.90","139.30","11.71M","-0.21%"
"02/05/2017","140.70","141.30","141.50","137.90","13.58M","-0.85%"
"01/29/2017","141.90","138.70","142.20","135.70","15.12M","1.65%"
"01/22/2017","139.60","134.80","140.80","134.60","9.68M","2.80%"
"01/15/2017","135.80","134.20","136.00","132.90","10.89M","0.74%"
"01/08/2017","134.80","136.00","136.90","131.10","10.76M","0.22%"
"01/01/2017","134.50","128.00","135.10","127.60","12.26M","4.75%"
"12/25/2016","128.40","129.40","129.90","127.50","3.34M","-0.62%"
"12/18/2016","129.20","131.70","131.70","126.90","11.60M","-1.52%"
"12/11/2016","131.20","136.50","138.20","129.40","24.49M","-3.39%"
"12/04/2016","135.80","125.20","136.80","125.20","14.75M","7.78%"
"11/27/2016","126.00","123.90","128.40","121.90","16.66M","1.78%"
"11/20/2016","123.80","124.20","125.20","123.30","10.56M","0.49%"
"11/13/2016","123.20","123.50","125.00","120.00","19.88M","0.57%"
"11/06/2016","122.50","118.20","125.00","113.10","16.17M","4.88%"
"10/30/2016","116.80","119.50","121.40","116.00","16.52M","-2.18%"
"10/23/2016","119.40","117.40","120.70","113.90","21.89M","2.23%"
"10/16/2016","116.80","111.30","118.70","110.90","20.15M","3.91%"
"10/09/2016","112.40","111.60","112.70","109.40","13.93M","0.90%"
"10/02/2016","111.40","105.00","112.80","104.90","21.77M","6.40%"
"09/25/2016","104.70","103.60","107.10","101.50","17.51M","0.10%"
"09/18/2016","104.60","101.70","105.30","101.40","12.92M","3.67%"
"09/11/2016","100.90","103.20","103.20","100.40","15.35M","-3.35%"
"09/04/2016","104.40","102.20","104.40","100.60","14.28M","2.76%"
"08/28/2016","101.60","97.60","103.50","96.95","15.60M","3.57%"
"08/21/2016","98.10","94.70","98.80","94.55","13.46M","3.75%"
"08/14/2016","94.55","96.50","98.10","94.00","14.13M","-1.82%"
"08/07/2016","96.30","95.00","97.20","94.70","10.09M","2.07%"
"07/31/2016","94.35","93.50","94.70","90.80","14.62M","1.62%"
"07/24/2016","92.85","94.55","95.75","92.70","12.00M","-2.01%"
"07/17/2016","94.75","94.50","95.90","92.70","16.20M","0.96%"
"07/10/2016","93.85","100.50","102.10","92.10","33.11M","-5.54%"
"07/03/2016","99.35","100.70","101.00","94.40","16.77M","-1.05%"
"06/26/2016","100.40","101.10","101.60","96.50","24.39M","-0.10%"
"06/19/2016","100.50","103.80","107.60","96.50","17.55M","-1.08%"
"06/12/2016","101.60","101.60","102.40","96.70","19.01M","-1.07%"
"06/05/2016","102.70","105.50","107.40","102.60","18.08M","-2.65%"
"05/29/2016","105.50","108.00","108.80","105.40","13.55M","-2.13%"
"05/22/2016","107.80","100.20","108.30","99.15","17.08M","7.37%"
"05/15/2016","100.40","97.70","100.80","97.10","9.76M","2.97%"
"05/08/2016","97.50","100.10","100.40","97.05","14.68M","-2.26%"
"05/01/2016","99.75","103.10","103.40","98.20","11.91M","-3.25%"
"04/24/2016","103.10","106.60","107.20","97.35","23.08M","-2.92%"
"04/17/2016","106.20","100.80","108.10","100.20","15.64M","2.91%"
"04/10/2016","103.20","96.70","104.90","95.35","15.27M","6.72%"
"04/03/2016","96.70","97.00","97.40","93.65","14.90M","-0.82%"
"03/27/2016","97.50","101.20","101.60","96.15","17.86M","-3.56%"
"03/20/2016","101.10","101.80","103.70","100.00","5.39M","-0.98%"
"03/13/2016","102.10","108.00","108.70","100.00","21.45M","-4.40%"
"03/06/2016","106.80","103.20","106.90","99.80","19.67M","3.89%"
"02/28/2016","102.80","98.90","103.90","98.15","16.04M","3.21%"
"02/21/2016","99.60","99.50","102.00","94.40","18.75M","0.91%"
"02/14/2016","98.70","96.00","101.50","95.30","24.59M","6.65%"
"02/07/2016","92.55","103.30","103.80","90.65","31.16M","-9.62%"
"01/31/2016","102.40","104.60","105.00","96.85","26.20M","-1.73%"
"01/24/2016","104.20","101.50","104.20","94.10","21.28M","3.27%"
"01/17/2016","100.90","95.85","101.20","90.10","25.09M","4.67%"
"01/10/2016","96.40","101.00","102.80","94.50","24.40M","-5.12%"
"01/03/2016","101.60","108.60","109.00","98.55","18.31M","-7.47%"
"12/27/2015","109.80","109.70","110.40","109.00","3.13M","0.09%"
"12/20/2015","109.70","106.30","109.90","105.40","5.80M","2.62%"
"12/13/2015","106.90","106.80","110.50","103.60","17.49M","0.94%"
"12/06/2015","105.90","113.70","114.20","105.90","16.32M","-5.95%"
"11/29/2015","112.60","112.10","116.10","111.90","15.15M","0.63%"
"11/22/2015","111.90","110.20","113.90","108.70","15.49M","1.45%"
"11/15/2015","110.30","108.10","115.20","107.60","15.62M","1.47%"
"11/08/2015","108.70","114.40","115.30","108.50","13.57M","-4.40%"
"11/01/2015","113.70","108.20","114.80","106.80","16.02M","5.08%"
"10/25/2015","108.20","109.50","111.50","105.50","14.15M","-1.19%"
"10/18/2015","109.50","116.70","117.80","106.30","21.63M","-6.01%"
"10/11/2015","116.50","120.00","120.90","115.10","10.58M","-2.84%"
"10/04/2015","119.90","114.20","123.40","113.50","14.10M","7.34%"
"09/27/2015","111.70","107.00","114.20","104.20","15.56M","4.00%"
"09/20/2015","107.40","115.00","115.80","105.70","15.94M","-6.61%"
"09/13/2015","115.00","116.40","117.30","112.70","14.57M","-1.37%"
"09/06/2015","116.60","116.00","120.50","115.40","8.59M","1.04%"
"08/30/2015","115.40","117.60","119.00","113.80","13.29M","-2.04%"
"08/23/2015","117.80","116.00","120.30","110.50","19.30M","-1.51%"
"08/16/2015","119.60","127.10","127.80","117.60","11.74M","-5.30%"
"08/09/2015","126.30","130.10","132.00","126.20","9.61M","-3.07%"
"08/02/2015","130.30","133.50","133.70","129.00","8.44M","-2.18%"
"07/26/2015","133.20","135.90","136.10","132.80","7.20M","-2.35%"
"07/19/2015","136.40","137.30","138.80","135.80","6.43M","-0.80%"
"07/12/2015","137.50","134.50","138.80","133.70","9.54M","3.15%"
"07/05/2015","133.30","127.10","134.50","125.00","13.12M","3.01%"
"06/28/2015","129.40","130.00","132.80","128.80","9.12M","-3.36%"
"06/21/2015","133.90","132.90","135.60","132.30","10.89M","1.90%"
"06/14/2015","131.40","132.60","134.60","129.80","12.39M","-1.13%"
"06/07/2015","132.90","138.00","138.40","132.70","10.48M","-3.49%"